Tarih,BIST100
2025-01-02,"9.961,34"
2024-12-31,"9.830,56"
2024-12-30,"9.889,71"
2024-12-27,"10.025,47"
2024-12-26,"9.949,01"
2024-12-25,"9.916,22"
2024-12-24,"9.672,75"
2024-12-23,"9.626,56"
2024-12-20,"9.724,50"
2024-12-19,"9.765,12"
2024-12-18,"9.915,76"
2024-12-17,"10.011,27"
2024-12-16,"9.997,66"
2024-12-13,"10.125,46"
2024-12-12,"10.058,63"
2024-12-11,"10.058,47"
2024-12-10,"10.099,03"
2024-12-09,"10.257,39"
2024-12-06,"10.081,00"
2024-12-05,"9.935,96"
2024-12-04,"9.886,05"
2024-12-03,"9.827,23"
2024-12-02,"9.681,11"
2024-11-29,"9.652,00"
2024-11-28,"9.640,08"
2024-11-27,"9.639,77"
2024-11-26,"9.636,12"
2024-11-25,"9.659,96"
2024-11-22,"9.549,89"
2024-11-21,"9.367,77"
2024-11-20,"9.031,82"
2024-11-19,"9.232,90"
2024-11-18,"9.395,39"
2024-11-15,"9.389,62"
2024-11-14,"9.420,42"
2024-11-13,"9.300,30"
2024-11-12,"9.226,86"
2024-11-11,"9.276,78"
2024-11-08,"9.184,82"
2024-11-07,"8.946,13"
2024-11-06,"8.862,32"
2024-11-05,"8.618,57"
2024-11-04,"8.663,88"
2024-11-01,"8.885,00"
2024-10-31,"8.863,88"
2024-10-30,"9.006,55"
2024-10-28,"8.945,80"
2024-10-25,"8.908,47"
2024-10-24,"8.872,85"
2024-10-23,"8.714,69"
2024-10-22,"8.838,60"
2024-10-21,"8.654,39"
2024-10-18,"8.793,61"
2024-10-17,"9.002,34"
2024-10-16,"8.956,03"
2024-10-15,"8.860,30"
2024-10-14,"8.699,19"
2024-10-11,"8.876,22"
2024-10-10,"8.964,10"
2024-10-09,"9.132,30"
2024-10-08,"9.044,89"
2024-10-07,"9.031,64"
2024-10-04,"9.109,34"
2024-10-03,"8.898,23"
2024-10-02,"9.012,87"
2024-10-01,"9.351,22"
2024-09-30,"9.665,78"
2024-09-27,"9.777,46"
2024-09-26,"9.829,19"
2024-09-25,"9.891,00"
2024-09-24,"10.029,73"
2024-09-23,"9.887,75"
2024-09-20,"9.900,25"
2024-09-19,"9.975,61"
2024-09-18,"9.774,49"
2024-09-17,"9.758,14"
2024-09-16,"9.577,46"
2024-09-13,"9.685,49"
2024-09-12,"9.521,04"
2024-09-11,"9.419,66"
2024-09-10,"9.624,04"
2024-09-09,"9.699,56"
2024-09-06,"9.771,16"
2024-09-05,"9.936,76"
2024-09-04,"9.984,93"
2024-09-03,"10.021,80"
2024-09-02,"10.110,18"
2024-08-29,"9.833,22"
2024-08-28,"9.757,16"
2024-08-27,"9.748,75"
2024-08-26,"9.565,76"
2024-08-23,"9.668,10"
2024-08-22,"9.921,40"
2024-08-21,"9.904,79"
2024-08-20,"9.982,28"
2024-08-19,"10.054,20"
2024-08-16,"9.821,96"
2024-08-15,"9.982,98"
2024-08-14,"9.830,94"
2024-08-13,"9.920,61"
2024-08-12,"9.828,56"
2024-08-09,"9.907,38"
2024-08-08,"10.098,50"
2024-08-07,"10.024,31"
2024-08-06,"9.881,23"
2024-08-05,"9.893,41"
2024-08-02,"10.473,47"
2024-08-01,"10.798,09"
2024-07-31,"10.638,58"
2024-07-30,"10.691,68"
2024-07-29,"10.733,75"
2024-07-26,"10.891,42"
2024-07-25,"10.871,48"
2024-07-24,"10.991,57"
2024-07-23,"11.089,53"
2024-07-22,"11.172,75"
2024-07-19,"11.156,20"
2024-07-18,"11.139,46"
2024-07-17,"11.134,08"
2024-07-16,"11.139,34"
2024-07-12,"11.064,85"
2024-07-11,"11.024,33"
2024-07-10,"10.743,30"
2024-07-09,"10.796,57"
2024-07-08,"10.864,08"
2024-07-05,"10.851,78"
2024-07-04,"10.872,56"
2024-07-03,"10.682,15"
2024-07-02,"10.446,24"
2024-07-01,"10.343,31"
2024-06-28,"10.647,91"
2024-06-27,"10.680,91"
2024-06-26,"10.486,70"
2024-06-25,"10.679,98"
2024-06-24,"10.767,85"
2024-06-21,"10.771,36"
2024-06-20,"10.739,94"
2024-06-14,"10.471,32"
2024-06-13,"10.391,89"
2024-06-12,"10.165,52"
2024-06-11,"10.051,37"
2024-06-10,"9.997,91"
2024-06-07,"10.138,97"
2024-06-06,"10.279,69"
2024-06-05,"10.350,96"
2024-06-04,"10.364,56"
2024-06-03,"10.556,80"
2024-05-31,"10.400,48"
2024-05-30,"10.481,30"
2024-05-29,"10.479,16"
2024-05-28,"10.677,49"
2024-05-27,"10.656,96"
2024-05-24,"10.676,65"
2024-05-23,"10.792,53"
2024-05-22,"10.899,28"
2024-05-21,"10.895,25"
2024-05-20,"10.739,57"
2024-05-17,"10.643,58"
2024-05-16,"10.319,96"
2024-05-15,"10.158,63"
2024-05-14,"10.173,42"
2024-05-13,"10.055,98"
2024-05-10,"10.218,58"
2024-05-09,"10.268,58"
2024-05-08,"10.247,75"
2024-05-07,"10.336,50"
2024-05-06,"10.267,09"
2024-05-03,"10.276,88"
2024-05-02,"10.208,65"
2024-04-30,"10.045,74"
2024-04-29,"10.082,77"
2024-04-26,"9.915,62"
2024-04-25,"9.716,77"
2024-04-24,"9.722,09"
2024-04-22,"9.645,02"
2024-04-19,"9.693,46"
2024-04-18,"9.524,59"
2024-04-17,"9.530,47"
2024-04-16,"9.548,09"
2024-04-15,"9.679,80"
2024-04-09,"9.814,19"
2024-04-08,"9.756,69"
2024-04-05,"9.618,83"
2024-04-04,"9.129,02"
2024-04-03,"8.945,80"
2024-04-02,"9.040,87"
2024-04-01,"9.157,54"
2024-03-29,"9.142,40"
2024-03-28,"9.079,97"
2024-03-27,"8.806,72"
2024-03-26,"8.807,38"
2024-03-25,"9.029,38"
2024-03-22,"9.111,50"
2024-03-21,"9.140,70"
2024-03-20,"8.955,12"
2024-03-19,"8.929,88"
2024-03-18,"8.718,11"
2024-03-15,"8.828,70"
2024-03-14,"8.883,52"
2024-03-13,"8.910,23"
2024-03-12,"9.069,03"
2024-03-11,"9.131,82"
2024-03-08,"9.155,32"
2024-03-07,"9.054,18"
2024-03-06,"8.744,58"
2024-03-05,"8.860,52"
2024-03-04,"8.907,65"
2024-03-01,"9.097,15"
2024-02-29,"9.193,69"
2024-02-28,"9.062,36"
2024-02-27,"9.179,48"
2024-02-26,"9.334,13"
2024-02-23,"9.374,20"
2024-02-22,"9.347,17"
2024-02-21,"9.312,12"
2024-02-20,"9.344,97"
2024-02-19,"9.196,41"
2024-02-16,"9.250,36"
2024-02-15,"9.242,15"
2024-02-14,"9.072,08"
2024-02-13,"8.994,00"
2024-02-12,"9.174,58"
2024-02-09,"9.045,97"
2024-02-08,"8.949,79"
2024-02-07,"8.843,01"
2024-02-06,"8.869,14"
2024-02-05,"8.776,70"
2024-02-02,"8.665,68"
2024-02-01,"8.646,12"
2024-01-31,"8.496,66"
2024-01-30,"8.474,30"
2024-01-29,"8.471,70"
2024-01-26,"8.346,28"
2024-01-25,"8.169,89"
2024-01-24,"8.090,90"
2024-01-23,"7.950,06"
2024-01-22,"8.010,14"
2024-01-19,"7.996,70"
2024-01-18,"8.016,09"
2024-01-17,"8.024,37"
2024-01-16,"8.032,17"
2024-01-15,"8.044,02"
2024-01-12,"7.986,47"
2024-01-11,"7.895,96"
2024-01-10,"7.874,16"
2024-01-09,"7.736,26"
2024-01-08,"7.818,89"
2024-01-05,"7.628,73"
2024-01-04,"7.547,84"
2024-01-03,"7.412,04"
2024-01-02,"7.624,29"
2023-12-29,"7.470,18"
2023-12-28,"7.396,34"
2023-12-27,"7.260,44"
2023-12-26,"7.299,33"
2023-12-25,"7.264,87"
2023-12-22,"7.557,56"
2023-12-21,"7.764,95"
2023-12-20,"7.662,85"
2023-12-19,"7.725,86"
2023-12-18,"7.790,42"
2023-12-15,"7.993,85"
2023-12-14,"7.813,40"
2023-12-13,"7.529,31"
2023-12-12,"7.748,85"
2023-12-11,"7.728,44"
2023-12-08,"7.913,76"
2023-12-07,"7.978,82"
2023-12-06,"7.855,06"
2023-12-05,"8.057,42"
2023-12-04,"8.087,24"
2023-12-01,"8.026,27"
2023-11-30,"7.948,60"
2023-11-29,"8.009,33"
2023-11-28,"8.093,54"
2023-11-27,"8.107,19"
2023-11-24,"7.959,95"
2023-11-23,"7.898,59"
2023-11-22,"7.987,03"
2023-11-21,"8.046,62"
2023-11-20,"7.946,37"
2023-11-17,"7.853,36"
2023-11-16,"7.780,68"
2023-11-15,"7.665,87"
2023-11-14,"7.671,05"
2023-11-13,"7.568,30"
2023-11-10,"7.771,34"
2023-11-09,"7.841,46"
2023-11-08,"7.860,88"
2023-11-07,"7.844,80"
2023-11-06,"7.868,02"
2023-11-03,"7.705,99"
2023-11-02,"7.663,62"
2023-11-01,"7.528,57"
2023-10-31,"7.514,10"
2023-10-30,"7.712,85"
2023-10-27,"7.706,41"
2023-10-26,"7.662,05"
2023-10-25,"7.424,97"
2023-10-24,"7.990,42"
2023-10-23,"7.750,39"
2023-10-20,"7.510,68"
2023-10-19,"7.769,03"
2023-10-18,"7.842,66"
2023-10-17,"8.115,01"
2023-10-16,"7.934,56"
2023-10-13,"8.113,30"
2023-10-12,"8.259,27"
2023-10-11,"8.330,64"
2023-10-10,"8.442,79"
2023-10-09,"8.193,44"
2023-10-06,"8.464,93"
2023-10-05,"8.487,98"
2023-10-04,"8.333,14"
2023-10-03,"8.513,54"
2023-10-02,"8.486,96"
2023-09-29,"8.334,94"
2023-09-28,"8.218,74"
2023-09-27,"8.213,76"
2023-09-26,"8.242,26"
2023-09-25,"8.304,83"
2023-09-22,"8.039,18"
2023-09-21,"8.000,46"
2023-09-20,"7.719,82"
2023-09-19,"7.784,01"
2023-09-18,"7.680,36"
2023-09-15,"7.961,98"
2023-09-14,"8.118,75"
2023-09-13,"8.013,89"
2023-09-12,"8.159,90"
2023-09-11,"8.146,49"
2023-09-08,"8.325,30"
2023-09-07,"8.337,67"
2023-09-06,"8.181,67"
2023-09-05,"8.236,14"
2023-09-04,"8.141,33"
2023-09-01,"8.056,12"
2023-08-31,"7.917,93"
2023-08-29,"7.907,13"
2023-08-28,"7.941,73"
2023-08-25,"7.716,67"
2023-08-24,"7.491,94"
2023-08-23,"7.602,24"
2023-08-22,"7.771,30"
2023-08-21,"7.796,65"
2023-08-18,"7.513,29"
2023-08-17,"7.764,47"
2023-08-16,"7.662,26"
2023-08-15,"7.690,75"
2023-08-14,"7.737,38"
2023-08-11,"7.714,38"
2023-08-10,"7.441,50"
2023-08-09,"7.600,65"
2023-08-08,"7.412,20"
2023-08-07,"7.470,10"
2023-08-04,"7.400,57"
2023-08-03,"7.221,51"
2023-08-02,"7.258,54"
2023-08-01,"7.168,51"
2023-07-31,"7.216,96"
2023-07-28,"7.067,28"
2023-07-27,"6.856,11"
2023-07-26,"6.743,86"
2023-07-25,"6.605,04"
2023-07-24,"6.695,14"
2023-07-21,"6.687,78"
2023-07-20,"6.682,11"
2023-07-19,"6.571,28"
2023-07-18,"6.365,00"
2023-07-17,"6.600,46"
2023-07-14,"6.437,74"
2023-07-13,"6.368,35"
2023-07-12,"6.342,05"
2023-07-11,"6.362,93"
2023-07-10,"6.270,41"
2023-07-07,"6.187,09"
2023-07-06,"6.141,14"
2023-07-05,"6.106,76"
2023-07-04,"6.003,90"
2023-07-03,"6.015,29"
2023-06-27,"5.759,11"
2023-06-26,"5.732,86"
2023-06-23,"5.582,75"
2023-06-22,"5.428,26"
2023-06-21,"5.186,83"
2023-06-20,"5.251,61"
2023-06-19,"5.269,31"
2023-06-16,"5.475,48"
2023-06-15,"5.495,48"
2023-06-14,"5.360,77"
2023-06-13,"5.429,05"
2023-06-12,"5.588,98"
2023-06-09,"5.626,49"
2023-06-08,"5.554,00"
2023-06-07,"5.561,18"
2023-06-06,"5.388,80"
2023-06-05,"5.372,66"
2023-06-02,"5.114,97"
2023-06-01,"4.959,80"
2023-05-31,"4.886,91"
2023-05-30,"4.951,35"
2023-05-29,"4.768,56"
2023-05-26,"4.580,67"
2023-05-25,"4.427,99"
2023-05-24,"4.424,92"
2023-05-23,"4.470,97"
2023-05-22,"4.466,19"
2023-05-18,"4.501,73"
2023-05-17,"4.661,68"
2023-05-16,"4.589,71"
2023-05-15,"4.501,21"
2023-05-12,"4.795,61"
2023-05-11,"4.848,01"
2023-05-10,"4.494,48"
2023-05-09,"4.536,20"
2023-05-08,"4.561,94"
2023-05-05,"4.400,76"
2023-05-04,"4.484,35"
2023-05-03,"4.485,97"
2023-05-02,"4.506,24"
2023-04-28,"4.617,93"
2023-04-27,"4.789,63"
2023-04-26,"4.783,50"
2023-04-25,"4.891,01"
2023-04-24,"5.022,79"
2023-04-20,"5.012,34"
2023-04-19,"5.061,22"
2023-04-18,"5.018,70"
2023-04-17,"5.059,35"
2023-04-14,"5.092,88"
2023-04-13,"5.135,55"
2023-04-12,"5.146,11"
2023-04-11,"5.124,25"
2023-04-10,"5.092,31"
2023-04-07,"4.924,64"
2023-04-06,"4.912,81"
2023-04-05,"4.919,87"
2023-04-04,"4.984,11"
2023-04-03,"4.839,46"
2023-03-31,"4.812,93"
2023-03-30,"4.896,07"
2023-03-29,"4.943,18"
2023-03-28,"4.811,45"
2023-03-27,"4.997,80"
2023-03-24,"5.031,98"
2023-03-23,"5.061,99"
2023-03-22,"5.001,06"
2023-03-21,"4.906,63"
2023-03-20,"4.975,47"
2023-03-17,"5.136,44"
2023-03-16,"5.229,58"
2023-03-15,"5.121,57"
2023-03-14,"5.207,32"
2023-03-13,"5.323,19"
2023-03-10,"5.384,56"
2023-03-09,"5.446,22"
2023-03-08,"5.438,38"
2023-03-07,"5.381,90"
2023-03-06,"5.392,31"
2023-03-03,"5.212,38"
2023-03-02,"5.261,41"
2023-03-01,"5.322,65"
2023-02-28,"5.237,33"
2023-02-27,"5.197,44"
2023-02-24,"5.058,75"
2023-02-23,"5.086,20"
2023-02-22,"5.071,41"
2023-02-21,"5.149,39"
2023-02-20,"5.148,93"
2023-02-17,"5.026,83"
2023-02-16,"5.008,58"
2023-02-15,"4.950,47"
2023-02-08,"4.505,34"
2023-02-07,"4.505,34"
2023-02-06,"4.930,18"
2023-02-03,"4.997,63"
2023-02-02,"4.752,24"
2023-02-01,"4.713,39"
2023-01-31,"4.976,55"
2023-01-30,"5.096,29"
2023-01-27,"5.191,83"
2023-01-26,"5.231,02"
2023-01-25,"5.297,77"
2023-01-24,"5.366,52"
2023-01-23,"5.404,43"
2023-01-20,"5.490,34"
2023-01-19,"5.422,37"
2023-01-18,"5.384,17"
2023-01-17,"5.315,03"
2023-01-16,"5.207,67"
2023-01-13,"4.984,86"
2023-01-12,"4.970,71"
2023-01-11,"4.728,88"
2023-01-10,"4.987,99"
2023-01-09,"5.170,97"
2023-01-06,"5.341,96"
2023-01-05,"5.116,41"
2023-01-04,"5.523,49"
2023-01-03,"5.626,57"
2023-01-02,"5.661,10"
2022-12-30,"5.509,16"
2022-12-29,"5.476,92"
2022-12-28,"5.345,61"
2022-12-27,"5.434,51"
2022-12-26,"5.504,09"
2022-12-23,"5.454,79"
2022-12-22,"5.447,23"
2022-12-21,"5.429,13"
2022-12-20,"5.419,02"
2022-12-19,"5.391,91"
2022-12-16,"5.214,29"
2022-12-15,"5.188,82"
2022-12-14,"5.066,50"
2022-12-13,"5.256,19"
2022-12-12,"5.193,30"
2022-12-09,"5.005,30"
2022-12-08,"4.855,92"
2022-12-07,"4.827,04"
2022-12-06,"5.000,14"
2022-12-05,"4.957,77"
2022-12-02,"4.962,97"
2022-12-01,"5.046,19"
2022-11-30,"4.977,64"
2022-11-29,"4.962,48"
2022-11-28,"4.923,23"
2022-11-25,"4.874,34"
2022-11-24,"4.858,21"
2022-11-23,"4.854,16"
2022-11-22,"4.780,74"
2022-11-21,"4.570,32"
2022-11-18,"4.526,73"
2022-11-17,"4.507,24"
2022-11-16,"4.668,52"
2022-11-15,"4.657,00"
2022-11-14,"4.570,20"
2022-11-11,"4.455,53"
2022-11-10,"4.467,10"
2022-11-09,"4.360,96"
2022-11-08,"4.360,28"
2022-11-07,"4.331,66"
2022-11-04,"4.216,98"
2022-11-03,"4.105,46"
2022-11-02,"4.071,87"
2022-11-01,"4.054,67"
2022-10-31,"3.978,96"
2022-10-28,"3.878,98"
2022-10-27,"3.934,52"
2022-10-26,"3.976,36"
2022-10-25,"3.975,01"
2022-10-24,"3.977,51"
2022-10-21,"3.934,63"
2022-10-20,"3.900,85"
2022-10-19,"3.880,34"
2022-10-18,"3.841,56"
2022-10-17,"3.847,62"
2022-10-14,"3.626,96"
2022-10-13,"3.553,43"
2022-10-12,"3.517,75"
2022-10-11,"3.571,55"
2022-10-10,"3.582,03"
2022-10-07,"3.567,60"
2022-10-06,"3.553,85"
2022-10-05,"3.484,42"
2022-10-04,"3.458,03"
2022-10-03,"3.392,13"
2022-09-30,"3.179,99"
2022-09-29,"3.146,89"
2022-09-28,"3.198,16"
2022-09-27,"3.265,64"
2022-09-26,"3.260,15"
2022-09-23,"3.281,61"
2022-09-22,"3.295,27"
2022-09-21,"3.245,76"
2022-09-20,"3.277,50"
2022-09-19,"3.199,54"
2022-09-16,"3.377,33"
2022-09-15,"3.363,12"
2022-09-14,"3.446,96"
2022-09-13,"3.426,88"
2022-09-12,"3.649,21"
2022-09-09,"3.521,38"
2022-09-08,"3.437,41"
2022-09-07,"3.402,81"
2022-09-06,"3.391,38"
2022-09-05,"3.358,37"
2022-09-02,"3.222,74"
2022-09-01,"3.142,74"
2022-08-31,"3.171,21"
2022-08-29,"3.164,96"
2022-08-26,"3.146,10"
2022-08-25,"3.136,77"
2022-08-24,"3.060,30"
2022-08-23,"3.121,52"
2022-08-22,"3.062,49"
2022-08-19,"3.020,20"
2022-08-18,"3.020,01"
2022-08-17,"2.980,00"
2022-08-16,"2.913,30"
2022-08-15,"2.857,18"
2022-08-12,"2.864,25"
2022-08-11,"2.868,44"
2022-08-10,"2.829,58"
2022-08-09,"2.785,16"
2022-08-08,"2.795,06"
2022-08-05,"2.750,49"
2022-08-04,"2.723,67"
2022-08-03,"2.684,46"
2022-08-02,"2.647,59"
2022-08-01,"2.656,32"
2022-07-29,"2.592,38"
2022-07-28,"2.543,33"
2022-07-27,"2.544,12"
2022-07-26,"2.537,12"
2022-07-25,"2.548,49"
2022-07-22,"2.516,56"
2022-07-21,"2.511,37"
2022-07-20,"2.525,20"
2022-07-19,"2.501,96"
2022-07-18,"2.451,27"
2022-07-14,"2.382,44"
2022-07-13,"2.408,08"
2022-07-08,"2.434,02"
2022-07-07,"2.425,56"
2022-07-06,"2.408,15"
2022-07-05,"2.371,25"
2022-07-04,"2.405,98"
2022-07-01,"2.443,77"
2022-06-30,"2.405,36"
2022-06-29,"2.401,96"
2022-06-28,"2.490,24"
2022-06-27,"2.529,26"
2022-06-24,"2.554,08"
2022-06-23,"2.543,21"
2022-06-22,"2.574,30"
2022-06-21,"2.575,86"
2022-06-20,"2.539,20"
2022-06-17,"2.533,33"
2022-06-16,"2.485,36"
2022-06-15,"2.531,11"
2022-06-14,"2.508,91"
2022-06-13,"2.510,14"
2022-06-10,"2.543,10"
2022-06-09,"2.571,57"
2022-06-08,"2.540,36"
2022-06-07,"2.648,19"
2022-06-06,"2.648,12"
2022-06-03,"2.601,25"
2022-06-02,"2.601,56"
2022-06-01,"2.568,76"
2022-05-31,"2.547,09"
2022-05-30,"2.527,15"
2022-05-27,"2.438,84"
2022-05-26,"2.450,84"
2022-05-25,"2.418,10"
2022-05-24,"2.375,00"
2022-05-23,"2.380,90"
2022-05-20,"2.372,35"
2022-05-18,"2.393,61"
2022-05-17,"2.394,83"
2022-05-16,"2.390,79"
2022-05-13,"2.419,23"
2022-05-12,"2.390,98"
2022-05-11,"2.453,94"
2022-05-10,"2.490,17"
2022-05-09,"2.465,71"
2022-05-06,"2.458,72"
2022-05-05,"2.466,26"
2022-04-29,"2.430,55"
2022-04-28,"2.428,42"
2022-04-27,"2.451,43"
2022-04-26,"2.418,30"
2022-04-25,"2.482,60"
2022-04-22,"2.472,50"
2022-04-21,"2.556,81"
2022-04-20,"2.525,93"
2022-04-19,"2.519,24"
2022-04-18,"2.510,31"
2022-04-15,"2.494,37"
2022-04-14,"2.475,41"
2022-04-13,"2.460,43"
2022-04-12,"2.463,76"
2022-04-11,"2.449,11"
2022-04-08,"2.393,39"
2022-04-07,"2.345,20"
2022-04-06,"2.316,40"
2022-04-05,"2.326,29"
2022-04-04,"2.311,40"
2022-04-01,"2.251,68"
2022-03-31,"2.233,30"
2022-03-30,"2.230,15"
2022-03-29,"2.206,50"
2022-03-28,"2.172,48"
2022-03-25,"2.175,51"
2022-03-24,"2.176,20"
2022-03-23,"2.183,10"
2022-03-22,"2.188,81"
2022-03-21,"2.175,03"
2022-03-18,"2.144,26"
2022-03-17,"2.133,59"
2022-03-16,"2.088,80"
2022-03-15,"2.079,38"
2022-03-14,"2.088,48"
2022-03-11,"2.053,85"
2022-03-10,"2.042,01"
2022-03-09,"2.042,70"
2022-03-08,"2.011,35"
2022-03-07,"1.997,33"
2022-03-04,"1.990,75"
2022-03-03,"2.023,29"
2022-03-02,"1.986,09"
2022-03-01,"1.969,91"
2022-02-28,"1.946,19"
2022-02-25,"1.952,40"
2022-02-24,"1.851,38"
2022-02-23,"2.016,03"
2022-02-22,"2.017,46"
2022-02-21,"2.038,06"
2022-02-18,"2.032,44"
2022-02-17,"2.009,99"
2022-02-16,"2.041,43"
2022-02-15,"2.038,16"
2022-02-14,"2.001,94"
2022-02-11,"2.051,05"
2022-02-10,"2.038,67"
2022-02-09,"2.042,85"
2022-02-08,"2.007,14"
2022-02-07,"1.997,58"
2022-02-04,"1.943,81"
2022-02-03,"1.957,90"
2022-02-02,"2.002,24"
2022-02-01,"2.015,43"
2022-01-31,"2.003,20"
2022-01-28,"1.983,18"
2022-01-27,"1.997,69"
2022-01-26,"1.951,17"
2022-01-25,"1.945,07"
2022-01-24,"1.910,29"
2022-01-21,"2.011,16"
2022-01-20,"2.014,21"
2022-01-19,"2.042,08"
2022-01-18,"1.979,83"
2022-01-17,"2.085,76"
2022-01-14,"2.072,93"
2022-01-13,"2.070,65"
2022-01-12,"2.064,21"
2022-01-11,"2.046,03"
2022-01-10,"2.045,16"
2022-01-07,"2.033,32"
2022-01-06,"2.007,55"
2022-01-05,"2.005,29"
2022-01-04,"1.963,59"
2022-01-03,"1.926,66"
2021-12-31,"1.857,65"
2021-12-30,"1.863,65"
2021-12-29,"1.895,46"
2021-12-28,"1.850,48"
2021-12-27,"1.897,13"
2021-12-24,"1.891,28"
2021-12-23,"1.805,30"
2021-12-22,"1.804,15"
2021-12-21,"1.892,02"
2021-12-20,"2.056,36"
2021-12-17,"2.084,47"
2021-12-16,"2.278,55"
2021-12-15,"2.162,26"
2021-12-14,"2.157,74"
2021-12-13,"2.101,51"
2021-12-10,"2.035,48"
2021-12-09,"2.031,44"
2021-12-08,"2.004,55"
2021-12-07,"1.981,04"
2021-12-06,"1.927,39"
2021-12-03,"1.910,41"
2021-12-02,"1.880,06"
2021-12-01,"1.857,40"
2021-11-30,"1.809,65"
2021-11-29,"1.808,79"
2021-11-26,"1.776,41"
2021-11-25,"1.819,23"
2021-11-24,"1.812,30"
2021-11-23,"1.784,56"
2021-11-22,"1.755,48"
2021-11-19,"1.737,33"
2021-11-18,"1.736,88"
2021-11-17,"1.707,04"
2021-11-16,"1.685,60"
2021-11-15,"1.702,49"
2021-11-12,"1.638,50"
2021-11-11,"1.625,06"
2021-11-10,"1.624,09"
2021-11-09,"1.615,64"
2021-11-08,"1.608,54"
2021-11-05,"1.583,59"
2021-11-04,"1.575,67"
2021-11-03,"1.547,03"
2021-11-02,"1.533,05"
2021-11-01,"1.536,32"
2021-10-28,"1.522,04"
2021-10-27,"1.519,25"
2021-10-26,"1.509,20"
2021-10-25,"1.492,93"
2021-10-22,"1.479,93"
2021-10-21,"1.455,42"
2021-10-20,"1.432,80"
2021-10-19,"1.429,85"
2021-10-18,"1.417,70"
2021-10-15,"1.409,56"
2021-10-14,"1.411,75"
2021-10-13,"1.413,54"
2021-10-12,"1.416,82"
2021-10-11,"1.416,30"
2021-10-08,"1.398,00"
2021-10-07,"1.396,92"
2021-10-06,"1.371,69"
2021-10-05,"1.391,65"
2021-10-04,"1.394,37"
2021-10-01,"1.401,46"
2021-09-30,"1.406,39"
2021-09-29,"1.391,92"
2021-09-28,"1.383,77"
2021-09-27,"1.391,74"
2021-09-24,"1.384,68"
2021-09-23,"1.401,46"
2021-09-22,"1.407,46"
2021-09-21,"1.385,61"
2021-09-20,"1.391,91"
2021-09-17,"1.419,43"
2021-09-16,"1.418,03"
2021-09-15,"1.423,97"
2021-09-14,"1.434,43"
2021-09-13,"1.438,28"
2021-09-10,"1.438,72"
2021-09-09,"1.452,67"
2021-09-08,"1.433,85"
2021-09-07,"1.454,74"
2021-09-06,"1.474,72"
2021-09-03,"1.468,67"
2021-09-02,"1.479,12"
2021-09-01,"1.474,13"
2021-08-31,"1.472,07"
2021-08-27,"1.458,23"
2021-08-26,"1.448,52"
2021-08-25,"1.453,30"
2021-08-24,"1.465,89"
2021-08-23,"1.459,33"
2021-08-20,"1.444,63"
2021-08-19,"1.439,86"
2021-08-18,"1.449,59"
2021-08-17,"1.461,69"
2021-08-16,"1.455,25"
2021-08-13,"1.447,64"
2021-08-12,"1.444,46"
2021-08-11,"1.410,87"
2021-08-10,"1.437,46"
2021-08-09,"1.432,61"
2021-08-06,"1.434,76"
2021-08-05,"1.431,78"
2021-08-04,"1.413,80"
2021-08-03,"1.408,81"
2021-08-02,"1.399,65"
2021-07-30,"1.392,91"
2021-07-29,"1.391,64"
2021-07-28,"1.360,75"
2021-07-27,"1.359,55"
2021-07-26,"1.349,11"
2021-07-19,"1.351,59"
2021-07-16,"1.363,28"
2021-07-14,"1.367,25"
2021-07-13,"1.346,84"
2021-07-12,"1.356,96"
2021-07-09,"1.378,28"
2021-07-08,"1.372,98"
2021-07-07,"1.390,58"
2021-07-06,"1.382,58"
2021-07-05,"1.392,64"
2021-07-02,"1.376,67"
2021-07-01,"1.372,78"
2021-06-30,"1.356,34"
2021-06-29,"1.371,67"
2021-06-28,"1.373,25"
2021-06-25,"1.391,86"
2021-06-24,"1.410,79"
2021-06-23,"1.402,35"
2021-06-22,"1.409,85"
2021-06-21,"1.398,52"
2021-06-18,"1.391,06"
2021-06-17,"1.414,15"
2021-06-16,"1.431,31"
2021-06-15,"1.442,56"
2021-06-14,"1.454,25"
2021-06-11,"1.460,86"
2021-06-10,"1.456,68"
2021-06-09,"1.449,17"
2021-06-08,"1.447,59"
2021-06-07,"1.447,08"
2021-06-04,"1.432,93"
2021-06-03,"1.428,13"
2021-06-02,"1.430,73"
2021-06-01,"1.432,04"
2021-05-31,"1.420,49"
2021-05-28,"1.422,06"
2021-05-27,"1.415,03"
2021-05-26,"1.427,06"
2021-05-25,"1.400,22"
2021-05-24,"1.452,18"
2021-05-21,"1.451,84"
2021-05-20,"1.449,82"
2021-05-18,"1.459,57"
2021-05-17,"1.454,25"
2021-05-12,"1.441,33"
2021-05-11,"1.444,87"
2021-05-10,"1.460,90"
2021-05-07,"1.441,33"
2021-05-06,"1.427,73"
2021-05-05,"1.420,00"
2021-05-04,"1.416,25"
2021-05-03,"1.421,15"
2021-04-30,"1.397,82"
2021-04-29,"1.401,52"
2021-04-28,"1.385,91"
2021-04-27,"1.392,00"
2021-04-26,"1.374,00"
2021-04-22,"1.345,15"
2021-04-21,"1.330,48"
2021-04-20,"1.365,27"
2021-04-19,"1.377,23"
2021-04-16,"1.408,14"
2021-04-15,"1.407,76"
2021-04-14,"1.409,19"
2021-04-13,"1.378,37"
2021-04-12,"1.375,91"
2021-04-09,"1.393,24"
2021-04-08,"1.416,55"
2021-04-07,"1.417,89"
2021-04-06,"1.420,59"
2021-04-05,"1.442,06"
2021-04-02,"1.430,19"
2021-04-01,"1.426,56"
2021-03-31,"1.391,73"
2021-03-30,"1.395,79"
2021-03-29,"1.392,57"
2021-03-26,"1.382,15"
2021-03-25,"1.394,36"
2021-03-24,"1.413,86"
2021-03-23,"1.377,43"
2021-03-22,"1.379,25"
2021-03-19,"1.528,99"
2021-03-18,"1.550,93"
2021-03-17,"1.562,11"
2021-03-16,"1.570,42"
2021-03-15,"1.555,47"
2021-03-12,"1.557,39"
2021-03-11,"1.556,49"
2021-03-10,"1.564,94"
2021-03-09,"1.549,15"
2021-03-08,"1.530,27"
2021-03-05,"1.541,98"
2021-03-04,"1.538,04"
2021-03-03,"1.531,05"
2021-03-02,"1.528,82"
2021-03-01,"1.527,45"
2021-02-26,"1.471,39"
2021-02-25,"1.488,21"
2021-02-24,"1.483,02"
2021-02-23,"1.517,86"
2021-02-22,"1.550,61"
2021-02-19,"1.560,34"
2021-02-18,"1.546,41"
2021-02-17,"1.540,59"
2021-02-16,"1.542,82"
2021-02-15,"1.562,49"
2021-02-12,"1.538,44"
2021-02-11,"1.545,59"
2021-02-10,"1.547,11"
2021-02-09,"1.544,05"
2021-02-08,"1.534,91"
2021-02-05,"1.527,17"
2021-02-04,"1.534,90"
2021-02-03,"1.533,55"
2021-02-02,"1.511,43"
2021-02-01,"1.492,45"
2021-01-29,"1.473,45"
2021-01-28,"1.498,32"
2021-01-27,"1.467,00"
2021-01-26,"1.536,11"
2021-01-25,"1.540,21"
2021-01-22,"1.542,45"
2021-01-21,"1.551,57"
2021-01-20,"1.569,35"
2021-01-19,"1.565,01"
2021-01-18,"1.556,77"
2021-01-15,"1.524,49"
2021-01-14,"1.546,60"
2021-01-13,"1.559,28"
2021-01-12,"1.549,53"
2021-01-11,"1.536,19"
2021-01-08,"1.540,61"
2021-01-07,"1.522,24"
2021-01-06,"1.505,42"
2021-01-05,"1.489,56"
2021-01-04,"1.495,43"
2020-12-31,"1.476,72"
2020-12-30,"1.479,91"
2020-12-29,"1.459,69"
2020-12-28,"1.439,29"
2020-12-25,"1.426,03"
2020-12-24,"1.426,00"
2020-12-23,"1.417,66"
2020-12-22,"1.404,97"
2020-12-21,"1.384,43"
2020-12-18,"1.408,32"
2020-12-17,"1.399,36"
2020-12-16,"1.392,45"
2020-12-15,"1.395,40"
2020-12-14,"1.388,55"
2020-12-11,"1.370,70"
2020-12-10,"1.353,36"
2020-12-09,"1.350,32"
2020-12-08,"1.339,89"
2020-12-07,"1.329,90"
2020-12-04,"1.330,87"
2020-12-03,"1.330,85"
2020-12-02,"1.325,49"
2020-12-01,"1.325,29"
2020-11-30,"1.283,58"
2020-11-27,"1.328,73"
2020-11-26,"1.342,49"
2020-11-25,"1.325,47"
2020-11-24,"1.320,98"
2020-11-23,"1.314,25"
2020-11-20,"1.323,95"
2020-11-19,"1.313,02"
2020-11-18,"1.294,72"
2020-11-17,"1.259,72"
2020-11-16,"1.292,99"
2020-11-13,"1.291,29"
2020-11-12,"1.271,75"
2020-11-11,"1.279,22"
2020-11-10,"1.243,00"
2020-11-09,"1.231,54"
2020-11-06,"1.191,96"
2020-11-05,"1.180,02"
2020-11-04,"1.167,65"
2020-11-03,"1.150,71"
2020-11-02,"1.133,59"
2020-10-30,"1.112,37"
2020-10-28,"1.126,99"
2020-10-27,"1.152,63"
2020-10-26,"1.144,45"
2020-10-23,"1.190,63"
2020-10-22,"1.198,32"
2020-10-21,"1.211,51"
2020-10-20,"1.210,41"
2020-10-19,"1.205,37"
2020-10-16,"1.192,73"
2020-10-15,"1.180,43"
2020-10-14,"1.189,29"
2020-10-13,"1.174,70"
2020-10-12,"1.178,35"
2020-10-09,"1.165,70"
2020-10-08,"1.150,49"
2020-10-07,"1.152,41"
2020-10-06,"1.153,71"
2020-10-05,"1.160,71"
2020-10-02,"1.145,03"
2020-10-01,"1.143,51"
2020-09-30,"1.145,24"
2020-09-29,"1.123,25"
2020-09-28,"1.121,17"
2020-09-25,"1.124,17"
2020-09-24,"1.119,56"
2020-09-23,"1.102,65"
2020-09-22,"1.096,16"
2020-09-21,"1.087,03"
2020-09-18,"1.111,96"
2020-09-17,"1.110,66"
2020-09-16,"1.107,11"
2020-09-15,"1.111,24"
2020-09-14,"1.107,29"
2020-09-11,"1.102,70"
2020-09-10,"1.099,06"
2020-09-09,"1.099,68"
2020-09-08,"1.089,60"
2020-09-07,"1.096,81"
2020-09-04,"1.086,32"
2020-09-03,"1.076,34"
2020-09-02,"1.083,91"
2020-09-01,"1.085,19"
2020-08-31,"1.078,61"
2020-08-28,"1.100,55"
2020-08-27,"1.108,93"
2020-08-26,"1.099,02"
2020-08-25,"1.092,16"
2020-08-24,"1.108,44"
2020-08-21,"1.109,88"
2020-08-20,"1.126,80"
2020-08-19,"1.124,71"
2020-08-18,"1.092,46"
2020-08-17,"1.086,20"
2020-08-14,"1.083,83"
2020-08-13,"1.100,26"
2020-08-12,"1.114,18"
2020-08-11,"1.110,05"
2020-08-10,"1.075,52"
2020-08-07,"1.060,59"
2020-08-06,"1.034,40"
2020-08-05,"1.091,80"
2020-08-04,"1.087,16"
2020-07-30,"1.126,90"
2020-07-29,"1.135,55"
2020-07-28,"1.152,70"
2020-07-27,"1.195,67"
2020-07-24,"1.192,02"
2020-07-23,"1.190,31"
2020-07-22,"1.180,80"
2020-07-21,"1.180,42"
2020-07-20,"1.192,81"
2020-07-17,"1.187,86"
2020-07-16,"1.188,08"
2020-07-14,"1.177,41"
2020-07-13,"1.183,99"
2020-07-10,"1.148,09"
2020-07-09,"1.157,94"
2020-07-08,"1.187,13"
2020-07-07,"1.193,39"
2020-07-06,"1.184,85"
2020-07-03,"1.157,48"
2020-07-02,"1.169,08"
2020-07-01,"1.153,15"
2020-06-30,"1.165,25"
2020-06-29,"1.158,43"
2020-06-26,"1.146,68"
2020-06-25,"1.141,39"
2020-06-24,"1.144,49"
2020-06-23,"1.153,39"
2020-06-22,"1.151,90"
2020-06-19,"1.136,12"
2020-06-18,"1.124,95"
2020-06-17,"1.109,40"
2020-06-16,"1.109,40"
2020-06-15,"1.095,56"
2020-06-12,"1.098,35"
2020-06-11,"1.091,55"
2020-06-10,"1.097,79"
2020-06-09,"1.092,37"
2020-06-08,"1.096,37"
2020-06-05,"1.100,22"
2020-06-04,"1.095,37"
2020-06-03,"1.091,11"
2020-06-02,"1.080,97"
2020-06-01,"1.072,66"
2020-05-29,"1.055,20"
2020-05-28,"1.053,60"
2020-05-27,"1.049,54"
2020-05-22,"1.030,24"
2020-05-21,"1.026,49"
2020-05-20,"1.021,58"
2020-05-18,"1.019,83"
2020-05-15,"997,68"
2020-05-14,"991,93"
2020-05-13,"1.001,59"
2020-05-12,"996,16"
2020-05-11,"977,92"
2020-05-08,"978,45"
2020-05-07,"983,99"
2020-05-06,"985,71"
2020-05-05,"987,38"
2020-05-04,"988,42"
2020-04-30,"1.011,10"
2020-04-29,"1.015,95"
2020-04-28,"1.007,07"
2020-04-27,"1.012,67"
2020-04-24,"987,59"
2020-04-22,"981,71"
2020-04-21,"976,19"
2020-04-20,"989,46"
2020-04-17,"981,80"
2020-04-16,"962,49"
2020-04-15,"958,55"
2020-04-14,"985,50"
2020-04-13,"963,99"
2020-04-10,"964,71"
2020-04-09,"958,34"
2020-04-08,"932,25"
2020-04-07,"923,82"
2020-04-06,"920,71"
2020-04-03,"895,53"
2020-04-02,"895,11"
2020-04-01,"890,85"
2020-03-31,"896,44"
2020-03-30,"880,59"
2020-03-27,"881,25"
2020-03-26,"915,28"
2020-03-25,"890,63"
2020-03-24,"892,86"
2020-03-23,"842,46"
2020-03-20,"857,96"
2020-03-19,"851,95"
2020-03-18,"855,77"
2020-03-17,"867,78"
2020-03-16,"878,88"
2020-03-13,"956,05"
2020-03-12,"936,39"
2020-03-11,"1.009,66"
2020-03-10,"1.010,63"
2020-03-09,"1.035,24"
2020-03-06,"1.096,01"
2020-03-05,"1.118,15"
2020-03-04,"1.107,85"
2020-03-03,"1.112,07"
2020-03-02,"1.073,10"
2020-02-28,"1.059,94"
2020-02-27,"1.104,18"
2020-02-26,"1.151,71"
2020-02-25,"1.143,65"
2020-02-24,"1.147,89"
2020-02-21,"1.168,29"
2020-02-20,"1.156,42"
2020-02-19,"1.191,96"
2020-02-18,"1.195,74"
2020-02-17,"1.207,92"
2020-02-14,"1.201,51"
2020-02-13,"1.205,41"
2020-02-12,"1.200,49"
2020-02-11,"1.197,98"
2020-02-10,"1.183,42"
2020-02-07,"1.210,15"
2020-02-06,"1.222,84"
2020-02-05,"1.223,21"
2020-02-04,"1.221,36"
2020-02-03,"1.192,43"
2020-01-31,"1.191,40"
2020-01-30,"1.198,50"
2020-01-29,"1.196,89"
2020-01-28,"1.198,02"
2020-01-27,"1.201,50"
2020-01-24,"1.221,42"
2020-01-23,"1.225,40"
2020-01-22,"1.227,47"
2020-01-21,"1.235,56"
2020-01-20,"1.226,20"
2020-01-17,"1.214,75"
2020-01-16,"1.210,01"
2020-01-15,"1.209,39"
2020-01-14,"1.214,23"
2020-01-13,"1.202,49"
2020-01-10,"1.186,64"
2020-01-09,"1.179,90"
2020-01-08,"1.128,76"
2020-01-07,"1.126,00"
2020-01-06,"1.114,13"
2020-01-03,"1.136,84"
2020-01-02,"1.159,32"
2019-12-31,"1.144,25"
2019-12-30,"1.147,54"
2019-12-27,"1.136,84"
2019-12-26,"1.136,53"
2019-12-25,"1.133,29"
2019-12-24,"1.131,53"
2019-12-23,"1.121,75"
2019-12-20,"1.111,77"
2019-12-19,"1.105,99"
2019-12-18,"1.105,75"
2019-12-17,"1.110,74"
2019-12-16,"1.111,26"
2019-12-13,"1.104,77"
2019-12-12,"1.101,15"
2019-12-11,"1.079,22"
2019-12-10,"1.080,11"
2019-12-09,"1.087,86"
2019-12-06,"1.088,69"
2019-12-05,"1.086,59"
2019-12-04,"1.077,01"
2019-12-03,"1.067,90"
2019-12-02,"1.080,04"
2019-11-29,"1.069,04"
2019-11-28,"1.071,26"
2019-11-27,"1.058,44"
2019-11-26,"1.059,83"
2019-11-25,"1.053,82"
2019-11-22,"1.065,88"
2019-11-21,"1.068,05"
2019-11-20,"1.067,85"
2019-11-19,"1.075,29"
2019-11-18,"1.068,46"
2019-11-15,"1.053,80"
2019-11-14,"1.037,81"
2019-11-13,"1.048,28"
2019-11-12,"1.039,72"
2019-11-11,"1.031,18"
2019-11-08,"1.031,53"
2019-11-07,"1.035,44"
2019-11-06,"1.011,44"
2019-11-05,"1.005,25"
2019-11-04,"1.000,88"
2019-11-01,"984,63"
2019-10-31,"984,69"
2019-10-30,"986,92"
2019-10-28,"998,38"
2019-10-25,"1.002,16"
2019-10-24,"1.003,46"
2019-10-23,"997,85"
2019-10-22,"978,86"
2019-10-21,"973,24"
2019-10-18,"984,15"
2019-10-17,"948,96"
2019-10-16,"941,37"
2019-10-15,"952,58"
2019-10-14,"939,81"
2019-10-11,"990,28"
2019-10-10,"987,80"
2019-10-09,"996,49"
2019-10-08,"1.018,59"
2019-10-07,"1.029,93"
2019-10-04,"1.034,64"
2019-10-03,"1.027,84"
2019-10-02,"1.035,09"
2019-10-01,"1.038,77"
2019-09-30,"1.050,33"
2019-09-27,"1.051,52"
2019-09-26,"1.019,40"
2019-09-25,"1.026,18"
2019-09-24,"1.018,47"
2019-09-23,"1.000,21"
2019-09-20,"1.002,37"
2019-09-19,"1.003,39"
2019-09-18,"1.019,30"
2019-09-17,"1.014,47"
2019-09-16,"1.025,90"
2019-09-13,"1.030,72"
2019-09-12,"1.024,47"
2019-09-11,"1.019,22"
2019-09-10,"1.012,13"
2019-09-09,"1.006,05"
2019-09-06,"989,87"
2019-09-05,"1.002,78"
2019-09-04,"1.000,77"
2019-09-03,"988,26"
2019-09-02,"983,43"
2019-08-29,"967,18"
2019-08-28,"959,08"
2019-08-27,"960,30"
2019-08-26,"971,01"
2019-08-23,"971,49"
2019-08-22,"953,94"
2019-08-21,"955,22"
2019-08-20,"960,32"
2019-08-19,"952,86"
2019-08-16,"957,34"
2019-08-15,"965,79"
2019-08-09,"994,05"
2019-08-08,"992,08"
2019-08-07,"980,56"
2019-08-06,"995,84"
2019-08-05,"986,73"
2019-08-02,"996,79"
2019-08-01,"1.019,00"
2019-07-31,"1.020,82"
2019-07-30,"1.026,86"
2019-07-29,"1.033,73"
2019-07-26,"1.028,37"
2019-07-25,"1.020,45"
2019-07-24,"1.034,57"
2019-07-23,"1.025,56"
2019-07-22,"1.010,89"
2019-07-19,"1.018,49"
2019-07-18,"1.015,66"
2019-07-17,"998,06"
2019-07-16,"980,28"
2019-07-12,"970,98"
2019-07-11,"994,06"
2019-07-10,"985,85"
2019-07-09,"968,11"
2019-07-08,"986,95"
2019-07-05,"996,35"
2019-07-04,"993,82"
2019-07-03,"993,63"
2019-07-02,"1.002,01"
2019-07-01,"997,36"
2019-06-28,"964,85"
2019-06-27,"955,73"
2019-06-26,"948,31"
2019-06-25,"954,21"
2019-06-24,"951,82"
2019-06-21,"940,22"
2019-06-20,"941,58"
2019-06-19,"942,44"
2019-06-18,"942,19"
2019-06-17,"922,50"
2019-06-14,"907,87"
2019-06-13,"905,01"
2019-06-12,"926,06"
2019-06-11,"928,26"
2019-06-10,"941,03"
2019-06-07,"938,09"
2019-06-03,"903,46"
2019-05-31,"905,90"
2019-05-30,"900,12"
2019-05-29,"871,86"
2019-05-28,"867,78"
2019-05-27,"855,45"
2019-05-24,"860,72"
2019-05-23,"845,96"
2019-05-22,"836,75"
2019-05-21,"853,10"
2019-05-20,"867,71"
2019-05-17,"867,96"
2019-05-16,"872,04"
2019-05-15,"873,80"
2019-05-14,"880,23"
2019-05-13,"862,83"
2019-05-10,"885,33"
2019-05-09,"886,86"
2019-05-08,"902,72"
2019-05-07,"914,82"
2019-05-06,"929,82"
2019-05-03,"939,46"
2019-05-02,"941,79"
2019-04-30,"954,16"
2019-04-29,"945,35"
2019-04-26,"947,83"
2019-04-25,"944,99"
2019-04-24,"961,42"
2019-04-22,"959,53"
2019-04-19,"968,61"
2019-04-18,"968,86"
2019-04-17,"982,03"
2019-04-16,"968,09"
2019-04-15,"951,92"
2019-04-12,"959,77"
2019-04-11,"960,73"
2019-04-10,"970,15"
2019-04-09,"981,35"
2019-04-08,"969,78"
2019-04-05,"987,83"
2019-04-04,"983,37"
2019-04-03,"944,41"
2019-04-02,"935,33"
2019-04-01,"941,01"
2019-03-29,"937,84"
2019-03-28,"921,20"
2019-03-27,"918,55"
2019-03-26,"973,79"
2019-03-25,"993,26"
2019-03-22,"998,35"
2019-03-21,"1.034,08"
2019-03-20,"1.033,10"
2019-03-19,"1.048,62"
2019-03-18,"1.045,95"
2019-03-15,"1.033,04"
2019-03-14,"1.024,32"
2019-03-13,"1.021,97"
2019-03-12,"1.017,21"
2019-03-11,"1.008,50"
2019-03-08,"1.015,38"
2019-03-07,"1.022,83"
2019-03-06,"1.034,53"
2019-03-05,"1.037,31"
2019-03-04,"1.041,93"
2019-03-01,"1.032,67"
2019-02-28,"1.045,30"
2019-02-27,"1.041,41"
2019-02-26,"1.050,82"
2019-02-25,"1.043,30"
2019-02-22,"1.031,86"
2019-02-21,"1.024,94"
2019-02-20,"1.019,71"
2019-02-19,"1.017,42"
2019-02-18,"1.017,29"
2019-02-15,"1.027,15"
2019-02-14,"1.021,30"
2019-02-13,"1.016,46"
2019-02-12,"1.037,62"
2019-02-11,"1.043,95"
2019-02-08,"1.024,52"
2019-02-07,"1.027,84"
2019-02-06,"1.025,84"
2019-02-05,"1.024,48"
2019-02-04,"1.022,55"
2019-02-01,"1.029,37"
2019-01-31,"1.040,74"
2019-01-30,"1.041,89"
2019-01-29,"1.040,98"
2019-01-28,"1.012,90"
2019-01-25,"1.018,01"
2019-01-24,"1.017,74"
2019-01-23,"1.001,41"
2019-01-22,"996,77"
2019-01-21,"979,55"
2019-01-18,"984,55"
2019-01-17,"968,17"
2019-01-16,"954,11"
2019-01-15,"931,73"
2019-01-14,"920,54"
2019-01-11,"916,87"
2019-01-10,"911,96"
2019-01-09,"911,57"
2019-01-08,"906,97"
2019-01-07,"899,51"
2019-01-04,"888,31"
2019-01-03,"873,99"
2019-01-02,"888,65"
2018-12-31,"912,70"
2018-12-28,"904,35"
2018-12-27,"909,75"
2018-12-26,"910,02"
2018-12-25,"908,30"
2018-12-24,"915,27"
2018-12-21,"918,61"
2018-12-20,"918,54"
2018-12-19,"925,53"
2018-12-18,"910,74"
2018-12-17,"899,62"
2018-12-14,"905,29"
2018-12-13,"913,87"
2018-12-12,"900,51"
2018-12-11,"918,01"
2018-12-10,"922,27"
2018-12-07,"936,99"
2018-12-06,"928,27"
2018-12-05,"939,70"
2018-12-04,"938,80"
2018-12-03,"949,74"
2018-11-30,"954,16"
2018-11-29,"951,26"
2018-11-28,"940,71"
2018-11-27,"935,17"
2018-11-26,"939,62"
2018-11-23,"930,03"
2018-11-22,"926,29"
2018-11-21,"927,08"
2018-11-20,"916,86"
2018-11-19,"945,71"
2018-11-16,"936,16"
2018-11-15,"932,97"
2018-11-14,"932,87"
2018-11-13,"927,09"
2018-11-12,"914,45"
2018-11-09,"928,39"
2018-11-08,"935,06"
2018-11-07,"954,93"
2018-11-06,"947,28"
2018-11-05,"959,48"
2018-11-02,"941,23"
2018-11-01,"923,87"
2018-10-31,"902,01"
2018-10-30,"900,00"
2018-10-26,"905,42"
2018-10-25,"937,48"
2018-10-24,"926,92"
2018-10-23,"934,69"
2018-10-22,"946,82"
2018-10-19,"964,55"
2018-10-18,"974,54"
2018-10-17,"989,91"
2018-10-16,"984,66"
2018-10-15,"986,31"
2018-10-12,"966,57"
2018-10-11,"947,48"
2018-10-10,"944,41"
2018-10-09,"967,32"
2018-10-08,"960,87"
2018-10-05,"948,83"
2018-10-04,"944,97"
2018-10-03,"971,88"
2018-10-02,"981,61"
2018-10-01,"985,37"
2018-09-28,"999,57"
2018-09-27,"1.002,99"
2018-09-26,"991,49"
2018-09-25,"992,92"
2018-09-24,"995,47"
2018-09-21,"979,88"
2018-09-20,"961,21"
2018-09-19,"966,04"
2018-09-18,"948,87"
2018-09-17,"943,48"
2018-09-14,"947,60"
2018-09-13,"944,19"
2018-09-12,"922,27"
2018-09-11,"923,89"
2018-09-10,"916,98"
2018-09-07,"932,74"
2018-09-06,"927,63"
2018-09-05,"927,91"
2018-09-04,"931,89"
2018-09-03,"939,16"
2018-08-31,"927,23"
2018-08-29,"932,81"
2018-08-28,"938,67"
2018-08-27,"912,84"
2018-08-20,"901,86"
2018-08-17,"887,35"
2018-08-16,"871,43"
2018-08-15,"902,63"
2018-08-14,"934,19"
2018-08-13,"926,85"
2018-08-10,"949,40"
2018-08-09,"971,85"
2018-08-08,"969,74"
2018-08-07,"961,61"
2018-08-06,"941,74"
2018-08-03,"956,10"
2018-08-02,"945,43"
2018-08-01,"972,11"
2018-07-31,"969,52"
2018-07-30,"961,58"
2018-07-27,"955,85"
2018-07-26,"948,17"
2018-07-25,"953,69"
2018-07-24,"921,34"
2018-07-23,"953,05"
2018-07-20,"940,82"
2018-07-19,"930,03"
2018-07-18,"923,22"
2018-07-17,"916,30"
2018-07-16,"897,44"
2018-07-13,"898,98"
2018-07-12,"895,71"
2018-07-11,"912,89"
2018-07-10,"962,75"
2018-07-09,"992,53"
2018-07-06,"987,34"
2018-07-05,"990,97"
2018-07-04,"972,30"
2018-07-03,"965,88"
2018-07-02,"967,73"
2018-06-29,"965,20"
2018-06-28,"962,27"
2018-06-27,"959,55"
2018-06-26,"944,08"
2018-06-25,"940,08"
2018-06-22,"958,52"
2018-06-21,"950,57"
2018-06-20,"945,52"
2018-06-19,"944,37"
2018-06-18,"930,43"
2018-06-14,"945,41"
2018-06-13,"935,05"
2018-06-12,"953,07"
2018-06-11,"966,61"
2018-06-08,"958,76"
2018-06-07,"986,24"
2018-06-06,"966,58"
2018-06-05,"978,23"
2018-06-04,"992,50"
2018-06-01,"991,71"
2018-05-31,"1.006,52"
2018-05-30,"1.038,69"
2018-05-29,"1.051,13"
2018-05-28,"1.065,25"
2018-05-25,"1.032,00"
2018-05-24,"1.011,38"
2018-05-23,"1.018,92"
2018-05-22,"1.033,28"
2018-05-21,"1.022,58"
2018-05-18,"1.024,10"
2018-05-17,"1.018,69"
2018-05-16,"1.021,58"
2018-05-15,"1.015,40"
2018-05-14,"1.033,70"
2018-05-11,"1.018,52"
2018-05-10,"1.023,81"
2018-05-09,"1.007,81"
2018-05-08,"993,64"
2018-05-07,"1.008,66"
2018-05-04,"1.025,99"
2018-05-03,"1.029,09"
2018-05-02,"1.047,26"
2018-04-30,"1.042,83"
2018-04-27,"1.076,14"
2018-04-26,"1.070,15"
2018-04-25,"1.074,01"
2018-04-24,"1.100,59"
2018-04-20,"1.109,32"
2018-04-19,"1.121,22"
2018-04-18,"1.120,99"
2018-04-17,"1.087,45"
2018-04-16,"1.106,88"
2018-04-13,"1.096,04"
2018-04-12,"1.102,35"
2018-04-11,"1.092,53"
2018-04-10,"1.107,13"
2018-04-09,"1.131,56"
2018-04-06,"1.147,38"
2018-04-05,"1.149,48"
2018-04-04,"1.139,76"
2018-04-03,"1.145,94"
2018-04-02,"1.144,42"
2018-03-30,"1.149,30"
2018-03-29,"1.148,45"
2018-03-28,"1.141,29"
2018-03-27,"1.161,97"
2018-03-26,"1.164,20"
2018-03-23,"1.166,03"
2018-03-22,"1.171,10"
2018-03-21,"1.176,51"
2018-03-20,"1.164,32"
2018-03-19,"1.154,50"
2018-03-16,"1.172,16"
2018-03-15,"1.172,02"
2018-03-14,"1.175,93"
2018-03-13,"1.182,67"
2018-03-12,"1.184,11"
2018-03-09,"1.169,15"
2018-03-08,"1.165,67"
2018-03-07,"1.168,42"
2018-03-06,"1.167,10"
2018-03-05,"1.169,46"
2018-03-02,"1.168,59"
2018-03-01,"1.176,32"
2018-02-28,"1.189,51"
2018-02-27,"1.188,32"
2018-02-26,"1.187,92"
2018-02-23,"1.175,21"
2018-02-22,"1.168,41"
2018-02-21,"1.163,16"
2018-02-20,"1.134,33"
2018-02-19,"1.158,82"
2018-02-16,"1.165,11"
2018-02-15,"1.162,26"
2018-02-14,"1.134,55"
2018-02-13,"1.144,94"
2018-02-12,"1.148,22"
2018-02-09,"1.135,90"
2018-02-08,"1.142,64"
2018-02-07,"1.155,70"
2018-02-06,"1.154,57"
2018-02-05,"1.168,53"
2018-02-02,"1.181,19"
2018-02-01,"1.190,44"
2018-01-31,"1.195,29"
2018-01-30,"1.193,03"
2018-01-29,"1.208,45"
2018-01-26,"1.207,02"
2018-01-25,"1.186,04"
2018-01-24,"1.196,48"
2018-01-23,"1.184,00"
2018-01-22,"1.172,35"
2018-01-19,"1.151,47"
2018-01-18,"1.168,56"
2018-01-17,"1.165,93"
2018-01-16,"1.144,18"
2018-01-15,"1.121,59"
2018-01-12,"1.146,45"
2018-01-11,"1.147,19"
2018-01-10,"1.135,89"
2018-01-09,"1.150,23"
2018-01-08,"1.163,05"
2018-01-05,"1.166,38"
2018-01-04,"1.154,91"
2018-01-03,"1.160,52"
2018-01-02,"1.175,24"
2017-12-29,"1.153,33"
2017-12-28,"1.144,80"
2017-12-27,"1.121,50"
2017-12-26,"1.120,07"
2017-12-25,"1.117,65"
2017-12-22,"1.110,99"
2017-12-21,"1.112,72"
2017-12-20,"1.104,55"
2017-12-19,"1.101,77"
2017-12-18,"1.102,48"
2017-12-15,"1.093,30"
2017-12-14,"1.096,66"
2017-12-13,"1.081,53"
2017-12-12,"1.090,49"
2017-12-11,"1.091,56"
2017-12-08,"1.079,21"
2017-12-07,"1.064,48"
2017-12-06,"1.053,04"
2017-12-05,"1.062,60"
2017-12-04,"1.052,15"
2017-12-01,"1.035,59"
2017-11-30,"1.039,84"
2017-11-29,"1.023,42"
2017-11-28,"1.020,68"
2017-11-27,"1.047,60"
2017-11-24,"1.045,39"
2017-11-23,"1.050,26"
2017-11-22,"1.059,64"
2017-11-21,"1.052,68"
2017-11-20,"1.039,12"
2017-11-17,"1.062,39"
2017-11-16,"1.069,77"
2017-11-15,"1.077,17"
2017-11-14,"1.101,48"
2017-11-13,"1.088,60"
2017-11-10,"1.089,49"
2017-11-09,"1.102,46"
2017-11-08,"1.118,95"
2017-11-07,"1.122,72"
2017-11-06,"1.141,66"
2017-11-03,"1.112,93"
2017-11-02,"1.129,95"
2017-11-01,"1.130,24"
2017-10-31,"1.101,43"
2017-10-30,"1.084,67"
2017-10-27,"1.078,84"
2017-10-26,"1.073,35"
2017-10-25,"1.083,55"
2017-10-24,"1.072,06"
2017-10-23,"1.073,03"
2017-10-20,"1.084,89"
2017-10-19,"1.084,34"
2017-10-18,"1.069,26"
2017-10-17,"1.069,91"
2017-10-16,"1.064,74"
2017-10-13,"1.062,26"
2017-10-12,"1.059,32"
2017-10-11,"1.038,16"
2017-10-10,"1.033,94"
2017-10-09,"1.012,98"
2017-10-06,"1.041,37"
2017-10-05,"1.043,34"
2017-10-04,"1.045,48"
2017-10-03,"1.039,08"
2017-10-02,"1.039,31"
2017-09-29,"1.029,08"
2017-09-28,"1.026,51"
2017-09-27,"1.012,18"
2017-09-26,"1.039,29"
2017-09-25,"1.022,70"
2017-09-22,"1.041,23"
2017-09-21,"1.040,01"
2017-09-20,"1.053,24"
2017-09-19,"1.049,18"
2017-09-18,"1.065,35"
2017-09-15,"1.077,42"
2017-09-14,"1.082,44"
2017-09-13,"1.081,56"
2017-09-12,"1.091,30"
2017-09-11,"1.094,58"
2017-09-08,"1.084,52"
2017-09-07,"1.097,43"
2017-09-06,"1.096,12"
2017-09-05,"1.088,73"
2017-08-31,"1.100,10"
2017-08-29,"1.104,23"
2017-08-28,"1.103,40"
2017-08-25,"1.097,55"
2017-08-24,"1.091,54"
2017-08-23,"1.089,53"
2017-08-22,"1.085,94"
2017-08-21,"1.086,15"
2017-08-18,"1.072,02"
2017-08-17,"1.068,25"
2017-08-16,"1.068,62"
2017-08-15,"1.069,13"
2017-08-14,"1.095,37"
2017-08-11,"1.069,63"
2017-08-10,"1.078,00"
2017-08-09,"1.087,15"
2017-08-08,"1.096,39"
2017-08-07,"1.097,81"
2017-08-04,"1.085,45"
2017-08-03,"1.071,54"
2017-08-02,"1.065,25"
2017-08-01,"1.061,47"
2017-07-31,"1.075,31"
2017-07-28,"1.077,00"
2017-07-27,"1.083,92"
2017-07-26,"1.072,06"
2017-07-25,"1.070,41"
2017-07-24,"1.067,11"
2017-07-21,"1.068,43"
2017-07-20,"1.067,36"
2017-07-19,"1.074,18"
2017-07-18,"1.057,18"
2017-07-17,"1.062,17"
2017-07-14,"1.051,76"
2017-07-13,"1.042,10"
2017-07-12,"1.038,10"
2017-07-11,"1.031,83"
2017-07-10,"1.010,97"
2017-07-07,"1.000,84"
2017-07-06,"1.006,27"
2017-07-05,"1.007,44"
2017-07-04,"1.012,08"
2017-07-03,"1.005,22"
2017-06-30,"1.004,40"
2017-06-29,"1.001,90"
2017-06-28,"1.006,18"
2017-06-23,"996,39"
2017-06-22,"1.000,72"
2017-06-21,"993,90"
2017-06-20,"992,69"
2017-06-19,"993,32"
2017-06-16,"981,93"
2017-06-15,"987,37"
2017-06-14,"996,36"
2017-06-13,"993,00"
2017-06-12,"994,42"
2017-06-09,"989,43"
2017-06-08,"979,78"
2017-06-07,"976,17"
2017-06-06,"983,32"
2017-06-05,"981,92"
2017-06-02,"988,68"
2017-06-01,"973,66"
2017-05-31,"975,42"
2017-05-30,"973,48"
2017-05-29,"977,26"
2017-05-26,"975,33"
2017-05-25,"977,13"
2017-05-24,"983,14"
2017-05-23,"977,17"
2017-05-22,"964,00"
2017-05-18,"951,47"
2017-05-17,"957,25"
2017-05-16,"961,62"
2017-05-15,"955,88"
2017-05-12,"949,96"
2017-05-11,"951,14"
2017-05-10,"961,94"
2017-05-09,"953,23"
2017-05-08,"938,33"
2017-05-05,"939,28"
2017-05-04,"930,38"
2017-05-03,"938,63"
2017-05-02,"943,56"
2017-04-28,"946,55"
2017-04-27,"942,82"
2017-04-26,"945,22"
2017-04-25,"946,35"
2017-04-24,"938,03"
2017-04-21,"924,24"
2017-04-20,"920,39"
2017-04-19,"908,04"
2017-04-18,"913,74"
2017-04-17,"906,54"
2017-04-14,"900,64"
2017-04-13,"898,71"
2017-04-12,"909,52"
2017-04-11,"909,04"
2017-04-10,"912,40"
2017-04-07,"884,97"
2017-04-06,"886,79"
2017-04-05,"890,37"
2017-04-04,"886,13"
2017-04-03,"886,69"
2017-03-31,"889,47"
2017-03-30,"892,82"
2017-03-29,"892,70"
2017-03-28,"901,82"
2017-03-27,"896,95"
2017-03-24,"903,83"
2017-03-23,"897,64"
2017-03-22,"898,09"
2017-03-21,"906,06"
2017-03-20,"909,02"
2017-03-17,"904,91"
2017-03-16,"902,68"
2017-03-15,"894,46"
2017-03-14,"891,37"
2017-03-13,"894,30"
2017-03-10,"896,11"
2017-03-09,"890,03"
2017-03-08,"894,85"
2017-03-07,"908,14"
2017-03-06,"910,45"
2017-03-03,"897,22"
2017-03-02,"899,34"
2017-03-01,"893,20"
2017-02-28,"874,78"
2017-02-27,"877,65"
2017-02-24,"882,58"
2017-02-23,"891,38"
2017-02-22,"885,31"
2017-02-21,"889,65"
2017-02-20,"885,88"
2017-02-17,"888,30"
2017-02-16,"881,87"
2017-02-15,"878,82"
2017-02-14,"880,82"
2017-02-13,"885,78"
2017-02-10,"874,73"
2017-02-09,"888,30"
2017-02-08,"882,49"
2017-02-07,"874,77"
2017-02-06,"873,58"
2017-02-03,"883,89"
2017-02-02,"873,94"
2017-02-01,"868,48"
2017-01-31,"862,96"
2017-01-30,"862,38"
2017-01-27,"838,27"
2017-01-26,"838,27"
2017-01-25,"831,28"
2017-01-24,"842,08"
2017-01-23,"830,48"
2017-01-20,"830,67"
2017-01-19,"823,00"
2017-01-18,"827,79"
2017-01-17,"823,63"
2017-01-16,"817,12"
2017-01-13,"815,24"
2017-01-12,"808,91"
2017-01-11,"776,67"
2017-01-10,"773,94"
2017-01-09,"773,94"
2017-01-06,"771,07"
2017-01-05,"763,86"
2017-01-04,"761,44"
2017-01-03,"766,18"
2017-01-02,"777,54"
2016-12-30,"781,39"
2016-12-29,"778,36"
2016-12-28,"775,48"
2016-12-27,"766,99"
2016-12-26,"770,28"
2016-12-23,"769,72"
2016-12-22,"774,05"
2016-12-21,"776,19"
2016-12-20,"778,08"
2016-12-19,"771,58"
2016-12-16,"775,90"
2016-12-15,"776,79"
2016-12-14,"768,81"
2016-12-13,"769,95"
2016-12-12,"762,40"
2016-12-09,"757,27"
2016-12-08,"759,29"
2016-12-07,"760,31"
2016-12-06,"754,33"
2016-12-05,"736,00"
2016-12-02,"733,91"
2016-12-01,"725,20"
2016-11-30,"739,95"
2016-11-29,"742,05"
2016-11-28,"749,90"
2016-11-25,"743,63"
2016-11-24,"741,93"
2016-11-23,"750,37"
2016-11-22,"758,12"
2016-11-21,"755,44"
2016-11-18,"756,39"
2016-11-17,"751,36"
2016-11-16,"747,59"
2016-11-15,"751,51"
2016-11-14,"744,19"
2016-11-11,"751,74"
2016-11-10,"763,60"
2016-11-09,"762,09"
2016-11-08,"763,68"
2016-11-07,"756,82"
2016-11-04,"742,67"
2016-11-03,"766,81"
2016-11-02,"771,72"
2016-11-01,"774,29"
2016-10-31,"785,36"
2016-10-28,"783,33"
2016-10-27,"787,39"
2016-10-26,"793,98"
2016-10-25,"794,33"
2016-10-24,"799,33"
2016-10-21,"788,44"
2016-10-20,"792,52"
2016-10-19,"792,10"
2016-10-18,"783,40"
2016-10-17,"774,38"
2016-10-14,"775,54"
2016-10-13,"768,10"
2016-10-12,"774,61"
2016-10-11,"776,44"
2016-10-10,"778,35"
2016-10-07,"779,76"
2016-10-06,"778,95"
2016-10-05,"778,54"
2016-10-04,"770,58"
2016-10-03,"772,25"
2016-09-30,"764,88"
2016-09-29,"770,77"
2016-09-28,"776,78"
2016-09-27,"771,61"
2016-09-26,"767,26"
2016-09-23,"797,56"
2016-09-22,"797,96"
2016-09-21,"779,16"
2016-09-20,"773,13"
2016-09-19,"776,71"
2016-09-16,"760,20"
2016-09-09,"770,54"
2016-09-08,"778,43"
2016-09-07,"776,43"
2016-09-06,"779,95"
2016-09-05,"777,92"
2016-09-02,"768,84"
2016-09-01,"758,53"
2016-08-31,"759,68"
2016-08-29,"761,19"
2016-08-26,"771,20"
2016-08-25,"767,90"
2016-08-24,"761,16"
2016-08-23,"773,34"
2016-08-22,"779,53"
2016-08-19,"781,46"
2016-08-18,"779,71"
2016-08-17,"781,48"
2016-08-16,"777,07"
2016-08-15,"784,73"
2016-08-12,"782,29"
2016-08-11,"790,34"
2016-08-10,"779,56"
2016-08-09,"785,25"
2016-08-08,"777,79"
2016-08-05,"760,66"
2016-08-04,"761,26"
2016-08-03,"745,52"
2016-08-02,"758,04"
2016-08-01,"767,12"
2016-07-29,"754,06"
2016-07-28,"752,44"
2016-07-27,"750,76"
2016-07-26,"736,89"
2016-07-25,"741,74"
2016-07-22,"717,38"
2016-07-21,"715,95"
2016-07-20,"749,03"
2016-07-19,"761,78"
2016-07-18,"769,58"
2016-07-15,"828,25"
2016-07-14,"825,90"
2016-07-13,"813,22"
2016-07-12,"811,42"
2016-07-11,"792,35"
2016-07-08,"780,19"
2016-07-04,"783,88"
2016-07-01,"779,52"
2016-06-30,"768,17"
2016-06-29,"767,12"
2016-06-28,"769,29"
2016-06-27,"751,61"
2016-06-24,"753,66"
2016-06-23,"779,90"
2016-06-22,"772,67"
2016-06-21,"775,31"
2016-06-20,"775,23"
2016-06-17,"754,31"
2016-06-16,"746,72"
2016-06-15,"762,37"
2016-06-14,"757,60"
2016-06-13,"765,34"
2016-06-10,"768,87"
2016-06-09,"777,12"
2016-06-08,"788,33"
2016-06-07,"781,58"
2016-06-06,"785,93"
2016-06-03,"781,39"
2016-06-02,"762,72"
2016-06-01,"770,35"
2016-05-31,"778,03"
2016-05-30,"785,35"
2016-05-27,"780,29"
2016-05-26,"780,36"
2016-05-25,"786,09"
2016-05-24,"794,35"
2016-05-23,"767,66"
2016-05-20,"763,58"
2016-05-18,"772,44"
2016-05-17,"772,77"
2016-05-16,"770,00"
2016-05-13,"778,08"
2016-05-12,"783,04"
2016-05-11,"790,28"
2016-05-10,"788,02"
2016-05-09,"790,62"
2016-05-06,"783,68"
2016-05-05,"786,99"
2016-05-04,"793,83"
2016-05-03,"810,70"
2016-05-02,"838,30"
2016-04-29,"853,28"
2016-04-28,"854,78"
2016-04-27,"853,74"
2016-04-26,"857,56"
2016-04-25,"851,09"
2016-04-22,"858,29"
2016-04-21,"856,71"
2016-04-20,"855,50"
2016-04-19,"862,51"
2016-04-18,"863,44"
2016-04-15,"855,73"
2016-04-14,"857,85"
2016-04-13,"856,97"
2016-04-12,"837,20"
2016-04-11,"839,88"
2016-04-08,"825,02"
2016-04-07,"811,65"
2016-04-06,"815,11"
2016-04-05,"829,64"
2016-04-04,"838,73"
2016-04-01,"823,59"
2016-03-31,"832,68"
2016-03-30,"829,18"
2016-03-29,"817,34"
2016-03-28,"813,45"
2016-03-25,"813,56"
2016-03-24,"813,58"
2016-03-23,"803,84"
2016-03-22,"817,66"
2016-03-21,"834,03"
2016-03-18,"829,43"
2016-03-17,"813,77"
2016-03-16,"793,69"
2016-03-15,"790,31"
2016-03-14,"801,11"
2016-03-11,"793,80"
2016-03-10,"790,25"
2016-03-09,"787,38"
2016-03-08,"776,83"
2016-03-07,"774,84"
2016-03-04,"771,91"
2016-03-03,"768,28"
2016-03-02,"767,88"
2016-03-01,"759,55"
2016-02-29,"758,14"
2016-02-26,"749,29"
2016-02-25,"752,02"
2016-02-24,"740,67"
2016-02-23,"755,00"
2016-02-22,"748,94"
2016-02-19,"730,15"
2016-02-18,"734,46"
2016-02-17,"728,05"
2016-02-16,"709,49"
2016-02-15,"710,08"
2016-02-12,"709,37"
2016-02-11,"709,42"
2016-02-10,"716,14"
2016-02-09,"714,15"
2016-02-08,"720,05"
2016-02-05,"742,04"
2016-02-04,"745,05"
2016-02-03,"732,67"
2016-02-02,"725,06"
2016-02-01,"734,48"
2016-01-29,"734,81"
2016-01-28,"724,27"
2016-01-27,"720,53"
2016-01-26,"718,09"
2016-01-25,"705,39"
2016-01-22,"702,44"
2016-01-21,"685,68"
2016-01-20,"696,04"
2016-01-19,"710,73"
2016-01-18,"710,40"
2016-01-15,"710,62"
2016-01-14,"719,41"
2016-01-13,"725,09"
2016-01-12,"717,40"
2016-01-11,"710,49"
2016-01-08,"706,13"
2016-01-07,"714,96"
2016-01-06,"711,98"
2016-01-05,"706,88"
2016-01-04,"705,18"
2015-12-31,"717,27"
2015-12-30,"732,01"
2015-12-29,"739,13"
2015-12-28,"742,43"
2015-12-25,"741,90"
2015-12-24,"740,50"
2015-12-23,"740,45"
2015-12-22,"731,02"
2015-12-21,"733,28"
2015-12-18,"724,60"
2015-12-17,"737,12"
2015-12-16,"728,32"
2015-12-15,"721,57"
2015-12-14,"693,09"
2015-12-11,"702,80"
2015-12-10,"723,54"
2015-12-09,"745,84"
2015-12-08,"731,01"
2015-12-07,"739,09"
2015-12-04,"742,65"
2015-12-03,"754,53"
2015-12-02,"763,95"
2015-12-01,"767,85"
2015-11-30,"752,33"
2015-11-27,"756,38"
2015-11-26,"749,98"
2015-11-25,"768,37"
2015-11-24,"762,43"
2015-11-23,"797,45"
2015-11-20,"806,82"
2015-11-19,"804,41"
2015-11-18,"805,14"
2015-11-17,"811,53"
2015-11-16,"810,46"
2015-11-13,"818,79"
2015-11-12,"821,43"
2015-11-11,"817,18"
2015-11-10,"811,74"
2015-11-09,"820,50"
2015-11-06,"819,30"
2015-11-05,"829,56"
2015-11-04,"836,84"
2015-11-03,"829,14"
2015-11-02,"836,94"
2015-10-30,"794,09"
2015-10-28,"785,36"
2015-10-27,"786,63"
2015-10-26,"792,62"
2015-10-23,"801,25"
2015-10-22,"802,56"
2015-10-21,"797,65"
2015-10-20,"804,96"
2015-10-19,"797,35"
2015-10-16,"784,84"
2015-10-15,"792,63"
2015-10-14,"793,80"
2015-10-13,"783,59"
2015-10-12,"793,00"
2015-10-09,"792,15"
2015-10-08,"786,61"
2015-10-07,"786,98"
2015-10-06,"772,59"
2015-10-05,"769,03"
2015-10-02,"743,97"
2015-10-01,"745,31"
2015-09-30,"742,05"
2015-09-29,"742,58"
2015-09-28,"733,15"
2015-09-23,"746,10"
2015-09-22,"749,94"
2015-09-21,"758,61"
2015-09-18,"750,99"
2015-09-17,"749,81"
2015-09-16,"741,49"
2015-09-15,"731,73"
2015-09-14,"712,99"
2015-09-11,"713,51"
2015-09-10,"718,47"
2015-09-09,"720,03"
2015-09-08,"720,52"
2015-09-07,"718,66"
2015-09-04,"729,50"
2015-09-03,"740,04"
2015-09-02,"736,56"
2015-09-01,"735,70"
2015-08-31,"752,10"
2015-08-28,"746,42"
2015-08-27,"748,13"
2015-08-26,"736,16"
2015-08-25,"735,10"
2015-08-24,"713,42"
2015-08-21,"737,98"
2015-08-20,"746,82"
2015-08-19,"753,00"
2015-08-18,"759,60"
2015-08-17,"769,22"
2015-08-14,"773,09"
2015-08-13,"770,86"
2015-08-12,"781,75"
2015-08-11,"797,20"
2015-08-10,"774,95"
2015-08-07,"784,27"
2015-08-06,"788,03"
2015-08-05,"781,34"
2015-08-04,"782,35"
2015-08-03,"781,64"
2015-07-31,"799,10"
2015-07-30,"782,71"
2015-07-29,"780,80"
2015-07-28,"780,24"
2015-07-27,"773,52"
2015-07-24,"787,12"
2015-07-23,"783,37"
2015-07-22,"812,22"
2015-07-21,"815,84"
2015-07-20,"813,20"
2015-07-16,"827,90"
2015-07-15,"827,28"
2015-07-14,"830,41"
2015-07-13,"833,88"
2015-07-10,"827,92"
2015-07-09,"822,86"
2015-07-08,"803,87"
2015-07-07,"815,72"
2015-07-06,"823,66"
2015-07-03,"812,17"
2015-07-02,"818,80"
2015-07-01,"816,82"
2015-06-30,"822,50"
2015-06-29,"817,56"
2015-06-26,"835,46"
2015-06-25,"832,77"
2015-06-24,"841,41"
2015-06-23,"830,68"
2015-06-22,"834,26"
2015-06-19,"824,54"
2015-06-18,"819,32"
2015-06-17,"807,13"
2015-06-16,"801,84"
2015-06-15,"789,51"
2015-06-12,"805,33"
2015-06-11,"808,45"
2015-06-10,"797,48"
2015-06-09,"781,46"
2015-06-08,"778,05"
2015-06-05,"819,43"
2015-06-04,"824,99"
2015-06-03,"833,94"
2015-06-02,"814,20"
2015-06-01,"804,29"
2015-05-29,"829,81"
2015-05-28,"835,70"
2015-05-27,"842,92"
2015-05-26,"836,49"
2015-05-25,"845,67"
2015-05-22,"858,04"
2015-05-21,"865,65"
2015-05-20,"877,91"
2015-05-18,"886,52"
2015-05-15,"876,05"
2015-05-14,"872,44"
2015-05-13,"864,17"
2015-05-12,"853,63"
2015-05-11,"847,53"
2015-05-08,"840,60"
2015-05-07,"825,70"
2015-05-06,"824,41"
2015-05-05,"833,81"
2015-05-04,"840,19"
2015-04-30,"839,47"
2015-04-29,"859,78"
2015-04-28,"862,09"
2015-04-27,"864,02"
2015-04-24,"855,51"
2015-04-22,"837,80"
2015-04-21,"842,78"
2015-04-20,"823,03"
2015-04-17,"824,18"
2015-04-16,"824,37"
2015-04-15,"813,58"
2015-04-14,"823,20"
2015-04-13,"819,38"
2015-04-10,"826,46"
2015-04-09,"835,14"
2015-04-08,"827,99"
2015-04-07,"824,66"
2015-04-06,"831,30"
2015-04-03,"829,94"
2015-04-02,"816,76"
2015-04-01,"812,09"
2015-03-31,"808,46"
2015-03-30,"821,84"
2015-03-27,"808,94"
2015-03-26,"814,82"
2015-03-25,"826,49"
2015-03-24,"820,33"
2015-03-23,"837,42"
2015-03-20,"825,06"
2015-03-19,"819,22"
2015-03-18,"799,42"
2015-03-17,"800,31"
2015-03-16,"781,96"
2015-03-13,"766,42"
2015-03-12,"782,93"
2015-03-11,"782,77"
2015-03-10,"779,77"
2015-03-09,"806,45"
2015-03-06,"803,10"
2015-03-05,"807,80"
2015-03-04,"820,67"
2015-03-03,"843,04"
2015-03-02,"839,47"
2015-02-27,"841,48"
2015-02-26,"859,15"
2015-02-25,"867,33"
2015-02-24,"866,91"
2015-02-23,"862,88"
2015-02-20,"854,89"
2015-02-19,"864,14"
2015-02-18,"854,42"
2015-02-17,"844,25"
2015-02-16,"860,41"
2015-02-13,"858,09"
2015-02-12,"860,83"
2015-02-11,"834,29"
2015-02-10,"831,16"
2015-02-09,"845,74"
2015-02-06,"849,87"
2015-02-05,"857,89"
2015-02-04,"859,10"
2015-02-03,"875,09"
2015-02-02,"897,13"
2015-01-30,"889,46"
2015-01-29,"885,58"
2015-01-28,"903,42"
2015-01-27,"911,50"
2015-01-26,"914,13"
2015-01-23,"907,36"
2015-01-22,"909,03"
2015-01-21,"903,13"
2015-01-20,"892,00"
2015-01-19,"880,06"
2015-01-16,"874,16"
2015-01-15,"877,43"
2015-01-14,"875,63"
2015-01-13,"883,13"
2015-01-12,"878,65"
2015-01-09,"876,48"
2015-01-08,"876,90"
2015-01-07,"867,77"
2015-01-06,"869,10"
2015-01-05,"864,63"
2015-01-02,"854,59"
