Tarih,USD_TRY
2025-01-02,"35,3476"
2025-01-01,"35,3585"
2024-12-31,"35,3350"
2024-12-30,"35,3123"
2024-12-27,"35,0702"
2024-12-26,"35,1316"
2024-12-25,"35,1905"
2024-12-24,"35,0875"
2024-12-23,"35,1642"
2024-12-20,"35,1588"
2024-12-19,"35,0675"
2024-12-18,"35,0320"
2024-12-17,"34,9746"
2024-12-16,"34,9508"
2024-12-13,"34,9238"
2024-12-12,"34,8701"
2024-12-11,"34,8540"
2024-12-10,"34,8285"
2024-12-09,"34,8059"
2024-12-06,"34,7376"
2024-12-05,"34,6778"
2024-12-04,"34,6200"
2024-12-03,"34,7071"
2024-12-02,"34,7014"
2024-11-29,"34,6913"
2024-11-28,"34,6145"
2024-11-27,"34,6206"
2024-11-26,"34,6085"
2024-11-25,"34,5452"
2024-11-22,"34,5434"
2024-11-21,"34,4565"
2024-11-20,"34,4415"
2024-11-19,"34,3000"
2024-11-18,"34,5181"
2024-11-15,"34,4185"
2024-11-14,"34,3182"
2024-11-13,"34,3501"
2024-11-12,"34,3465"
2024-11-11,"34,3169"
2024-11-08,"34,3722"
2024-11-07,"34,2177"
2024-11-06,"34,1862"
2024-11-05,"34,3118"
2024-11-04,"34,3337"
2024-11-01,"34,3020"
2024-10-31,"34,2540"
2024-10-30,"34,2044"
2024-10-29,"34,2554"
2024-10-28,"34,2822"
2024-10-25,"34,2827"
2024-10-24,"34,2181"
2024-10-23,"34,2527"
2024-10-22,"34,2357"
2024-10-21,"34,0920"
2024-10-18,"33,9850"
2024-10-17,"34,1245"
2024-10-16,"34,1594"
2024-10-15,"34,1692"
2024-10-14,"34,2569"
2024-10-11,"34,2442"
2024-10-10,"34,1519"
2024-10-09,"34,2087"
2024-10-08,"34,2407"
2024-10-07,"34,2350"
2024-10-04,"34,2500"
2024-10-03,"34,1055"
2024-10-02,"34,1819"
2024-10-01,"34,2057"
2024-09-30,"34,1605"
2024-09-27,"34,1615"
2024-09-26,"34,1398"
2024-09-25,"34,1064"
2024-09-24,"34,1137"
2024-09-23,"34,1189"
2024-09-20,"34,0926"
2024-09-19,"34,0253"
2024-09-18,"34,0687"
2024-09-17,"34,0795"
2024-09-16,"33,9779"
2024-09-13,"33,8762"
2024-09-12,"33,9086"
2024-09-11,"33,9678"
2024-09-10,"34,0122"
2024-09-09,"34,0361"
2024-09-06,"33,9505"
2024-09-05,"33,9195"
2024-09-04,"33,9857"
2024-09-03,"33,9735"
2024-09-02,"33,8799"
2024-08-30,"34,0711"
2024-08-29,"34,0694"
2024-08-28,"34,0312"
2024-08-27,"34,0006"
2024-08-26,"33,9691"
2024-08-23,"33,9588"
2024-08-22,"33,7100"
2024-08-21,"33,8313"
2024-08-20,"33,8575"
2024-08-19,"33,5690"
2024-08-16,"33,6632"
2024-08-15,"33,6042"
2024-08-14,"33,5992"
2024-08-13,"33,5301"
2024-08-12,"33,3700"
2024-08-09,"33,4839"
2024-08-08,"33,4959"
2024-08-07,"33,4293"
2024-08-06,"33,5696"
2024-08-05,"33,3248"
2024-08-02,"33,1680"
2024-08-01,"33,0853"
2024-07-31,"33,1401"
2024-07-30,"33,0794"
2024-07-29,"33,0458"
2024-07-26,"32,9042"
2024-07-25,"32,9480"
2024-07-24,"32,7792"
2024-07-23,"32,8527"
2024-07-22,"32,9085"
2024-07-19,"33,0549"
2024-07-18,"33,0488"
2024-07-17,"33,0502"
2024-07-16,"33,0531"
2024-07-15,"32,9686"
2024-07-12,"33,0214"
2024-07-11,"32,8013"
2024-07-10,"32,8564"
2024-07-09,"32,8170"
2024-07-08,"32,6745"
2024-07-05,"32,6350"
2024-07-04,"32,5130"
2024-07-03,"32,5342"
2024-07-02,"32,5470"
2024-07-01,"32,6297"
2024-06-28,"32,6485"
2024-06-27,"32,8041"
2024-06-26,"32,8379"
2024-06-25,"32,9206"
2024-06-24,"32,9169"
2024-06-21,"32,8322"
2024-06-20,"32,8060"
2024-06-19,"32,5024"
2024-06-18,"32,4853"
2024-06-17,"32,7859"
2024-06-14,"32,6273"
2024-06-13,"32,2788"
2024-06-12,"32,3064"
2024-06-11,"32,3221"
2024-06-10,"32,3374"
2024-06-07,"32,2430"
2024-06-06,"32,2319"
2024-06-05,"32,2303"
2024-06-04,"32,5745"
2024-06-03,"32,1678"
2024-05-31,"32,2322"
2024-05-30,"32,2042"
2024-05-29,"32,1825"
2024-05-28,"32,2335"
2024-05-27,"32,1282"
2024-05-24,"32,2003"
2024-05-23,"32,1585"
2024-05-22,"32,1861"
2024-05-21,"32,1226"
2024-05-20,"32,1327"
2024-05-17,"32,1987"
2024-05-16,"32,2716"
2024-05-15,"32,1600"
2024-05-14,"32,2659"
2024-05-13,"32,2740"
2024-05-10,"32,1989"
2024-05-09,"32,2380"
2024-05-08,"32,2239"
2024-05-07,"32,2515"
2024-05-06,"32,2624"
2024-05-03,"32,3346"
2024-05-02,"32,3014"
2024-05-01,"32,4565"
2024-04-30,"32,4007"
2024-04-29,"32,4153"
2024-04-26,"32,4036"
2024-04-25,"32,5152"
2024-04-24,"32,5393"
2024-04-23,"32,4915"
2024-04-22,"32,4862"
2024-04-19,"32,4941"
2024-04-18,"32,5224"
2024-04-17,"32,3816"
2024-04-16,"32,3857"
2024-04-15,"32,4013"
2024-04-12,"32,3468"
2024-04-11,"32,2996"
2024-04-10,"32,2779"
2024-04-09,"32,2706"
2024-04-08,"31,9764"
2024-04-05,"32,0374"
2024-04-04,"31,8703"
2024-04-03,"31,9485"
2024-04-02,"32,0436"
2024-04-01,"32,0750"
2024-03-29,"32,3460"
2024-03-28,"32,3045"
2024-03-27,"32,2459"
2024-03-26,"32,1737"
2024-03-25,"32,1146"
2024-03-22,"32,0132"
2024-03-21,"32,0294"
2024-03-20,"32,1558"
2024-03-19,"32,3583"
2024-03-18,"32,2460"
2024-03-15,"32,1144"
2024-03-14,"32,1441"
2024-03-13,"31,9074"
2024-03-12,"32,0278"
2024-03-11,"31,9448"
2024-03-08,"31,8400"
2024-03-07,"31,8612"
2024-03-06,"31,7191"
2024-03-05,"31,6239"
2024-03-04,"31,5636"
2024-03-01,"31,3099"
2024-02-29,"31,1883"
2024-02-28,"31,1695"
2024-02-27,"31,0735"
2024-02-26,"31,0430"
2024-02-23,"30,9651"
2024-02-22,"30,8793"
2024-02-21,"30,9057"
2024-02-20,"30,8981"
2024-02-19,"30,8121"
2024-02-16,"30,8182"
2024-02-15,"30,7180"
2024-02-14,"30,7349"
2024-02-13,"30,7148"
2024-02-12,"30,6403"
2024-02-09,"30,5580"
2024-02-08,"30,5696"
2024-02-07,"30,5401"
2024-02-06,"30,3276"
2024-02-05,"30,5341"
2024-02-02,"30,3990"
2024-02-01,"30,2700"
2024-01-31,"30,3151"
2024-01-30,"30,3239"
2024-01-29,"30,3123"
2024-01-26,"30,2743"
2024-01-25,"30,2347"
2024-01-24,"30,2285"
2024-01-23,"30,2182"
2024-01-22,"30,2192"
2024-01-19,"30,2017"
2024-01-18,"30,1101"
2024-01-17,"30,0906"
2024-01-16,"30,0168"
2024-01-15,"30,0743"
2024-01-12,"30,0636"
2024-01-11,"29,9642"
2024-01-10,"29,9519"
2024-01-09,"29,8658"
2024-01-08,"29,8761"
2024-01-05,"29,8202"
2024-01-04,"29,7490"
2024-01-03,"29,6927"
2024-01-02,"29,6770"
2024-01-01,"29,5364"
2023-12-29,"29,4766"
2023-12-28,"29,4094"
2023-12-27,"29,3733"
2023-12-26,"29,1831"
2023-12-25,"29,2464"
2023-12-22,"29,1982"
2023-12-21,"29,1056"
2023-12-20,"29,1117"
2023-12-19,"29,0701"
2023-12-18,"29,0376"
2023-12-15,"28,9511"
2023-12-14,"28,9673"
2023-12-13,"28,9457"
2023-12-12,"28,9031"
2023-12-11,"28,9434"
2023-12-08,"28,8557"
2023-12-07,"28,9211"
2023-12-06,"28,8728"
2023-12-05,"28,8724"
2023-12-04,"28,9293"
2023-12-01,"28,8885"
2023-11-30,"28,8552"
2023-11-29,"28,8787"
2023-11-28,"28,8900"
2023-11-27,"28,8823"
2023-11-24,"28,8606"
2023-11-23,"28,7799"
2023-11-22,"28,8282"
2023-11-21,"28,7688"
2023-11-20,"28,6900"
2023-11-17,"28,6545"
2023-11-16,"28,5422"
2023-11-15,"28,6553"
2023-11-14,"28,6189"
2023-11-13,"28,5604"
2023-11-10,"28,5251"
2023-11-09,"28,4110"
2023-11-08,"28,4324"
2023-11-07,"28,4483"
2023-11-06,"28,3618"
2023-11-03,"28,3775"
2023-11-02,"28,3161"
2023-11-01,"28,3125"
2023-10-31,"28,2752"
2023-10-30,"28,2289"
2023-10-27,"28,1636"
2023-10-26,"28,1282"
2023-10-25,"28,1139"
2023-10-24,"28,1008"
2023-10-23,"28,0588"
2023-10-20,"27,9483"
2023-10-19,"27,9569"
2023-10-18,"27,9978"
2023-10-17,"27,9187"
2023-10-16,"27,8552"
2023-10-13,"27,7612"
2023-10-12,"27,6950"
2023-10-11,"27,6979"
2023-10-10,"27,7050"
2023-10-09,"27,6650"
2023-10-06,"27,5405"
2023-10-05,"27,5067"
2023-10-04,"27,4944"
2023-10-03,"27,4633"
2023-10-02,"27,4241"
2023-09-29,"27,3712"
2023-09-28,"27,3628"
2023-09-27,"26,8303"
2023-09-26,"27,2514"
2023-09-25,"27,1807"
2023-09-22,"27,1038"
2023-09-21,"27,1121"
2023-09-20,"26,9806"
2023-09-19,"26,9440"
2023-09-18,"27,0121"
2023-09-15,"26,9191"
2023-09-14,"26,8625"
2023-09-13,"26,9215"
2023-09-12,"26,8494"
2023-09-11,"26,8047"
2023-09-08,"26,8228"
2023-09-07,"26,7827"
2023-09-06,"26,7923"
2023-09-05,"26,7646"
2023-09-04,"26,7395"
2023-09-01,"26,6311"
2023-08-31,"26,6502"
2023-08-30,"26,6868"
2023-08-29,"26,5544"
2023-08-28,"26,5030"
2023-08-25,"26,5465"
2023-08-24,"25,7824"
2023-08-23,"27,1792"
2023-08-22,"27,1866"
2023-08-21,"27,1390"
2023-08-18,"27,0307"
2023-08-17,"27,0317"
2023-08-16,"27,0381"
2023-08-15,"27,0440"
2023-08-14,"27,0136"
2023-08-11,"26,8632"
2023-08-10,"26,9986"
2023-08-09,"26,9891"
2023-08-08,"26,9794"
2023-08-07,"26,9746"
2023-08-04,"26,9371"
2023-08-03,"26,9670"
2023-08-02,"26,9564"
2023-08-01,"26,8938"
2023-07-31,"26,8955"
2023-07-28,"26,9003"
2023-07-27,"26,9392"
2023-07-26,"26,9177"
2023-07-25,"26,8918"
2023-07-24,"26,9217"
2023-07-21,"26,9729"
2023-07-20,"26,7257"
2023-07-19,"26,7736"
2023-07-18,"26,9187"
2023-07-17,"26,3351"
2023-07-14,"26,0953"
2023-07-13,"26,0026"
2023-07-12,"26,1328"
2023-07-11,"25,9922"
2023-07-10,"26,0952"
2023-07-07,"26,0552"
2023-07-06,"26,0823"
2023-07-05,"26,0732"
2023-07-04,"25,9966"
2023-07-03,"25,9059"
2023-06-30,"26,0461"
2023-06-29,"26,0235"
2023-06-28,"26,0481"
2023-06-27,"26,0014"
2023-06-26,"25,9137"
2023-06-23,"25,2330"
2023-06-22,"24,8877"
2023-06-21,"23,5273"
2023-06-20,"23,5506"
2023-06-19,"23,6085"
2023-06-16,"23,6154"
2023-06-15,"23,6576"
2023-06-14,"23,5483"
2023-06-13,"23,6215"
2023-06-12,"23,6208"
2023-06-09,"23,3673"
2023-06-08,"23,1219"
2023-06-07,"23,2458"
2023-06-06,"21,5719"
2023-06-05,"21,2590"
2023-06-02,"20,9589"
2023-06-01,"20,7988"
2023-05-31,"20,7973"
2023-05-30,"20,4706"
2023-05-29,"20,0919"
2023-05-26,"19,9309"
2023-05-25,"19,9319"
2023-05-24,"19,8897"
2023-05-23,"19,8458"
2023-05-22,"19,8308"
2023-05-19,"19,7860"
2023-05-18,"19,7844"
2023-05-17,"19,7422"
2023-05-16,"19,7229"
2023-05-15,"19,6520"
2023-05-12,"19,5600"
2023-05-11,"19,5404"
2023-05-10,"19,5378"
2023-05-09,"19,5016"
2023-05-08,"19,4994"
2023-05-05,"19,5172"
2023-05-04,"19,4926"
2023-05-03,"19,4581"
2023-05-02,"19,4461"
2023-05-01,"19,4282"
2023-04-28,"19,4478"
2023-04-27,"19,4341"
2023-04-26,"19,3972"
2023-04-25,"19,4245"
2023-04-24,"19,4109"
2023-04-21,"19,3741"
2023-04-20,"19,4010"
2023-04-19,"19,3855"
2023-04-18,"19,3857"
2023-04-17,"19,3861"
2023-04-14,"19,3446"
2023-04-13,"19,3132"
2023-04-12,"19,3030"
2023-04-11,"19,2803"
2023-04-10,"19,2707"
2023-04-07,"19,2283"
2023-04-06,"19,2454"
2023-04-05,"19,2394"
2023-04-04,"19,2062"
2023-04-03,"19,1749"
2023-03-31,"19,1582"
2023-03-30,"19,1676"
2023-03-29,"19,1126"
2023-03-28,"19,1115"
2023-03-27,"19,0898"
2023-03-24,"19,0457"
2023-03-23,"19,0046"
2023-03-22,"19,0371"
2023-03-21,"19,0150"
2023-03-20,"18,9983"
2023-03-17,"19,0095"
2023-03-16,"18,9761"
2023-03-15,"18,9746"
2023-03-14,"18,9747"
2023-03-13,"18,9664"
2023-03-10,"18,9551"
2023-03-09,"18,9479"
2023-03-08,"18,9257"
2023-03-07,"18,8901"
2023-03-06,"18,8974"
2023-03-03,"18,8195"
2023-03-02,"18,8639"
2023-03-01,"18,8795"
2023-02-28,"18,8761"
2023-02-27,"18,8793"
2023-02-24,"18,8676"
2023-02-23,"18,8721"
2023-02-22,"18,8467"
2023-02-21,"18,8608"
2023-02-20,"18,8727"
2023-02-17,"18,8247"
2023-02-16,"18,8380"
2023-02-15,"18,8359"
2023-02-14,"18,8315"
2023-02-13,"18,8288"
2023-02-10,"18,8107"
2023-02-09,"18,8199"
2023-02-08,"18,8232"
2023-02-07,"18,8146"
2023-02-06,"18,8137"
2023-02-03,"18,8186"
2023-02-02,"18,7920"
2023-02-01,"18,7964"
2023-01-31,"18,8064"
2023-01-30,"18,7851"
2023-01-27,"18,8079"
2023-01-26,"18,7963"
2023-01-25,"18,7753"
2023-01-24,"18,8230"
2023-01-23,"18,8052"
2023-01-20,"18,7579"
2023-01-19,"18,7578"
2023-01-18,"18,7588"
2023-01-17,"18,7083"
2023-01-16,"18,7956"
2023-01-13,"18,7806"
2023-01-12,"18,7709"
2023-01-11,"18,7754"
2023-01-10,"18,7738"
2023-01-09,"18,7652"
2023-01-06,"18,7524"
2023-01-05,"18,7616"
2023-01-04,"18,7387"
2023-01-03,"18,7108"
2023-01-02,"18,7120"
2022-12-30,"18,6883"
2022-12-29,"18,6941"
2022-12-28,"18,7157"
2022-12-27,"18,6669"
2022-12-26,"18,6618"
2022-12-23,"18,6637"
2022-12-22,"18,6424"
2022-12-21,"18,6749"
2022-12-20,"18,6479"
2022-12-19,"18,6426"
2022-12-16,"18,6343"
2022-12-15,"18,6368"
2022-12-14,"18,6232"
2022-12-13,"18,5750"
2022-12-12,"18,6325"
2022-12-09,"18,6503"
2022-12-08,"18,6324"
2022-12-07,"18,6355"
2022-12-06,"18,6240"
2022-12-05,"18,6227"
2022-12-02,"18,6303"
2022-12-01,"18,6313"
2022-11-30,"18,5895"
2022-11-29,"18,6374"
2022-11-28,"18,6166"
2022-11-25,"18,5851"
2022-11-24,"18,5986"
2022-11-23,"18,6062"
2022-11-22,"18,6081"
2022-11-21,"18,6118"
2022-11-18,"18,5889"
2022-11-17,"18,5599"
2022-11-16,"18,5920"
2022-11-15,"18,6020"
2022-11-14,"18,5846"
2022-11-11,"18,5705"
2022-11-10,"18,4798"
2022-11-09,"18,5857"
2022-11-08,"18,5284"
2022-11-07,"18,4431"
2022-11-04,"18,5657"
2022-11-03,"18,6144"
2022-11-02,"18,6219"
2022-11-01,"18,5657"
2022-10-31,"18,5920"
2022-10-28,"18,5813"
2022-10-27,"18,5974"
2022-10-26,"18,5911"
2022-10-25,"18,5895"
2022-10-24,"18,6036"
2022-10-21,"18,5884"
2022-10-20,"18,5868"
2022-10-19,"18,5887"
2022-10-18,"18,5794"
2022-10-17,"18,5610"
2022-10-14,"18,5585"
2022-10-13,"18,5218"
2022-10-12,"18,5571"
2022-10-11,"18,5875"
2022-10-10,"18,5737"
2022-10-07,"18,5620"
2022-10-06,"18,5719"
2022-10-05,"18,3880"
2022-10-04,"18,5668"
2022-10-03,"18,5428"
2022-09-30,"18,5000"
2022-09-29,"18,4961"
2022-09-28,"18,5040"
2022-09-27,"18,4332"
2022-09-26,"18,4327"
2022-09-23,"18,4131"
2022-09-22,"18,3212"
2022-09-21,"18,3230"
2022-09-20,"18,3015"
2022-09-19,"18,2803"
2022-09-16,"18,2543"
2022-09-15,"18,2638"
2022-09-14,"18,2331"
2022-09-13,"18,2430"
2022-09-12,"18,2152"
2022-09-09,"18,2334"
2022-09-08,"18,2281"
2022-09-07,"18,2174"
2022-09-06,"18,2146"
2022-09-05,"18,2108"
2022-09-02,"18,1777"
2022-09-01,"18,1993"
2022-08-31,"18,1868"
2022-08-30,"18,1650"
2022-08-29,"18,1772"
2022-08-26,"18,1433"
2022-08-25,"18,1653"
2022-08-24,"18,1386"
2022-08-23,"18,0973"
2022-08-22,"18,0480"
2022-08-19,"18,0850"
2022-08-18,"18,0075"
2022-08-17,"17,9349"
2022-08-16,"17,9095"
2022-08-15,"17,9500"
2022-08-12,"17,9324"
2022-08-11,"17,9336"
2022-08-10,"17,8708"
2022-08-09,"17,8907"
2022-08-08,"17,9106"
2022-08-05,"17,9101"
2022-08-04,"17,9197"
2022-08-03,"17,9367"
2022-08-02,"17,9253"
2022-08-01,"17,8987"
2022-07-29,"17,9114"
2022-07-28,"17,9049"
2022-07-27,"17,8651"
2022-07-26,"17,8592"
2022-07-25,"17,7679"
2022-07-22,"17,7173"
2022-07-21,"17,7084"
2022-07-20,"17,6034"
2022-07-19,"17,5562"
2022-07-18,"17,4309"
2022-07-15,"17,3950"
2022-07-14,"17,4047"
2022-07-13,"17,3974"
2022-07-12,"17,3000"
2022-07-11,"17,3555"
2022-07-08,"17,2683"
2022-07-07,"17,2693"
2022-07-06,"17,2098"
2022-07-05,"16,9608"
2022-07-04,"16,7967"
2022-07-01,"16,7613"
2022-06-30,"16,6933"
2022-06-29,"16,6368"
2022-06-28,"16,6732"
2022-06-27,"16,5229"
2022-06-24,"16,8860"
2022-06-23,"17,3532"
2022-06-22,"17,3370"
2022-06-21,"17,3387"
2022-06-20,"17,3219"
2022-06-17,"17,3255"
2022-06-16,"17,2999"
2022-06-15,"17,2254"
2022-06-14,"17,2611"
2022-06-13,"17,2486"
2022-06-10,"17,0718"
2022-06-09,"17,1911"
2022-06-08,"17,1276"
2022-06-07,"16,7383"
2022-06-06,"16,5664"
2022-06-03,"16,4126"
2022-06-02,"16,4521"
2022-06-01,"16,3806"
2022-05-31,"16,3748"
2022-05-30,"16,3796"
2022-05-27,"16,1807"
2022-05-26,"16,3417"
2022-05-25,"16,3383"
2022-05-24,"16,0914"
2022-05-23,"15,9266"
2022-05-20,"15,8951"
2022-05-19,"15,8363"
2022-05-18,"15,9272"
2022-05-17,"15,8951"
2022-05-16,"15,5393"
2022-05-13,"15,4769"
2022-05-12,"15,3626"
2022-05-11,"15,2970"
2022-05-10,"15,2487"
2022-05-09,"15,0842"
2022-05-06,"14,9468"
2022-05-05,"14,8496"
2022-05-04,"14,7282"
2022-05-03,"14,7964"
2022-05-02,"14,8651"
2022-04-29,"14,8416"
2022-04-28,"14,7888"
2022-04-27,"14,7956"
2022-04-26,"14,7970"
2022-04-25,"14,7702"
2022-04-22,"14,7339"
2022-04-21,"14,7011"
2022-04-20,"14,6709"
2022-04-19,"14,6408"
2022-04-18,"14,6347"
2022-04-15,"14,6280"
2022-04-14,"14,5959"
2022-04-13,"14,5908"
2022-04-12,"14,5979"
2022-04-11,"14,6613"
2022-04-08,"14,7441"
2022-04-07,"14,7327"
2022-04-06,"14,7029"
2022-04-05,"14,7162"
2022-04-04,"14,6782"
2022-04-01,"14,6825"
2022-03-31,"14,6700"
2022-03-30,"14,6503"
2022-03-29,"14,5665"
2022-03-28,"14,8046"
2022-03-25,"14,8286"
2022-03-24,"14,8105"
2022-03-23,"14,8274"
2022-03-22,"14,8147"
2022-03-21,"14,8157"
2022-03-18,"14,7899"
2022-03-17,"14,6998"
2022-03-16,"14,6077"
2022-03-15,"14,7002"
2022-03-14,"14,7754"
2022-03-11,"14,7595"
2022-03-10,"14,8131"
2022-03-09,"14,6378"
2022-03-08,"14,4762"
2022-03-07,"14,3666"
2022-03-04,"14,1845"
2022-03-03,"14,0950"
2022-03-02,"14,0084"
2022-03-01,"13,9160"
2022-02-28,"13,8443"
2022-02-25,"13,8196"
2022-02-24,"14,0034"
2022-02-23,"13,8081"
2022-02-22,"13,7828"
2022-02-21,"13,6809"
2022-02-18,"13,6426"
2022-02-17,"13,5736"
2022-02-16,"13,5973"
2022-02-15,"13,5939"
2022-02-14,"13,5848"
2022-02-11,"13,5177"
2022-02-10,"13,4683"
2022-02-09,"13,5245"
2022-02-08,"13,5565"
2022-02-07,"13,5718"
2022-02-04,"13,5596"
2022-02-03,"13,5549"
2022-02-02,"13,4525"
2022-02-01,"13,3696"
2022-01-31,"13,3074"
2022-01-28,"13,5507"
2022-01-27,"13,6470"
2022-01-26,"13,5561"
2022-01-25,"13,4769"
2022-01-24,"13,4455"
2022-01-21,"13,4317"
2022-01-20,"13,3530"
2022-01-19,"13,3746"
2022-01-18,"13,5303"
2022-01-17,"13,4231"
2022-01-14,"13,5214"
2022-01-13,"13,5602"
2022-01-12,"13,1811"
2022-01-11,"13,7972"
2022-01-10,"13,8074"
2022-01-07,"13,8710"
2022-01-06,"13,8211"
2022-01-05,"13,6471"
2022-01-04,"13,3328"
2022-01-03,"13,1178"
2021-12-31,"13,3161"
2021-12-30,"12,9481"
2021-12-29,"12,6359"
2021-12-28,"11,7978"
2021-12-27,"11,6801"
2021-12-24,"10,6480"
2021-12-23,"11,0862"
2021-12-22,"11,9825"
2021-12-21,"12,4331"
2021-12-20,"13,5050"
2021-12-17,"16,4135"
2021-12-16,"15,6674"
2021-12-15,"14,7875"
2021-12-14,"14,3856"
2021-12-13,"13,7953"
2021-12-10,"13,8774"
2021-12-09,"13,7817"
2021-12-08,"13,6720"
2021-12-07,"13,4925"
2021-12-06,"13,7866"
2021-12-03,"13,7000"
2021-12-02,"13,6145"
2021-12-01,"13,2635"
2021-11-30,"13,4732"
2021-11-29,"12,8025"
2021-11-26,"12,4229"
2021-11-25,"11,9029"
2021-11-24,"12,0855"
2021-11-23,"12,8192"
2021-11-22,"11,3790"
2021-11-19,"11,2310"
2021-11-18,"10,9935"
2021-11-17,"10,6103"
2021-11-16,"10,3395"
2021-11-15,"10,0505"
2021-11-12,"9,9751"
2021-11-11,"9,8899"
2021-11-10,"9,8379"
2021-11-09,"9,7252"
2021-11-08,"9,6791"
2021-11-05,"9,6741"
2021-11-04,"9,6917"
2021-11-03,"9,6290"
2021-11-02,"9,5944"
2021-11-01,"9,5325"
2021-10-29,"9,6030"
2021-10-28,"9,5262"
2021-10-27,"9,4789"
2021-10-26,"9,5335"
2021-10-25,"9,5811"
2021-10-22,"9,5757"
2021-10-21,"9,5050"
2021-10-20,"9,2098"
2021-10-19,"9,2918"
2021-10-18,"9,3248"
2021-10-15,"9,2517"
2021-10-14,"9,1750"
2021-10-13,"9,0806"
2021-10-12,"9,0340"
2021-10-11,"8,9890"
2021-10-08,"8,9614"
2021-10-07,"8,8697"
2021-10-06,"8,8695"
2021-10-05,"8,8688"
2021-10-04,"8,8521"
2021-10-01,"8,8552"
2021-09-30,"8,8862"
2021-09-29,"8,9111"
2021-09-28,"8,8657"
2021-09-27,"8,8146"
2021-09-24,"8,8786"
2021-09-23,"8,7622"
2021-09-22,"8,6431"
2021-09-21,"8,6200"
2021-09-20,"8,6604"
2021-09-17,"8,6283"
2021-09-16,"8,5241"
2021-09-15,"8,4263"
2021-09-14,"8,4276"
2021-09-13,"8,4195"
2021-09-10,"8,4553"
2021-09-09,"8,4305"
2021-09-08,"8,4597"
2021-09-07,"8,3447"
2021-09-06,"8,2771"
2021-09-03,"8,3049"
2021-09-02,"8,2729"
2021-09-01,"8,2910"
2021-08-31,"8,3045"
2021-08-30,"8,3749"
2021-08-27,"8,3434"
2021-08-26,"8,3865"
2021-08-25,"8,3682"
2021-08-24,"8,3959"
2021-08-23,"8,4187"
2021-08-20,"8,4852"
2021-08-19,"8,4939"
2021-08-18,"8,4485"
2021-08-17,"8,4284"
2021-08-16,"8,4530"
2021-08-13,"8,5171"
2021-08-12,"8,5497"
2021-08-11,"8,6246"
2021-08-10,"8,5980"
2021-08-09,"8,6439"
2021-08-06,"8,6160"
2021-08-05,"8,5240"
2021-08-04,"8,4727"
2021-08-03,"8,4022"
2021-08-02,"8,3440"
2021-07-30,"8,4333"
2021-07-29,"8,4375"
2021-07-28,"8,5488"
2021-07-27,"8,5577"
2021-07-26,"8,5539"
2021-07-23,"8,5471"
2021-07-22,"8,5536"
2021-07-21,"8,5577"
2021-07-20,"8,5629"
2021-07-19,"8,5702"
2021-07-16,"8,5144"
2021-07-15,"8,5610"
2021-07-14,"8,5828"
2021-07-13,"8,6162"
2021-07-12,"8,6344"
2021-07-09,"8,6461"
2021-07-08,"8,6897"
2021-07-07,"8,6837"
2021-07-06,"8,6869"
2021-07-05,"8,6631"
2021-07-02,"8,6792"
2021-07-01,"8,6508"
2021-06-30,"8,7037"
2021-06-29,"8,7299"
2021-06-28,"8,6832"
2021-06-25,"8,7493"
2021-06-24,"8,7000"
2021-06-23,"8,6323"
2021-06-22,"8,6444"
2021-06-21,"8,7633"
2021-06-18,"8,7257"
2021-06-17,"8,7092"
2021-06-16,"8,6021"
2021-06-15,"8,5476"
2021-06-14,"8,4587"
2021-06-11,"8,3818"
2021-06-10,"8,4219"
2021-06-09,"8,5787"
2021-06-08,"8,5979"
2021-06-07,"8,5745"
2021-06-04,"8,6563"
2021-06-03,"8,6905"
2021-06-02,"8,5826"
2021-06-01,"8,5301"
2021-05-31,"8,4808"
2021-05-28,"8,5484"
2021-05-27,"8,4967"
2021-05-26,"8,4501"
2021-05-25,"8,4501"
2021-05-24,"8,3786"
2021-05-21,"8,4066"
2021-05-20,"8,3700"
2021-05-19,"8,4033"
2021-05-18,"8,3436"
2021-05-17,"8,3087"
2021-05-14,"8,4413"
2021-05-13,"8,4964"
2021-05-12,"8,4170"
2021-05-11,"8,2811"
2021-05-10,"8,2665"
2021-05-07,"8,2336"
2021-05-06,"8,2679"
2021-05-05,"8,3125"
2021-05-04,"8,3203"
2021-05-03,"8,2461"
2021-04-30,"8,2735"
2021-04-29,"8,2105"
2021-04-28,"8,1945"
2021-04-27,"8,1977"
2021-04-26,"8,2724"
2021-04-23,"8,3762"
2021-04-22,"8,3049"
2021-04-21,"8,1786"
2021-04-20,"8,1052"
2021-04-19,"8,0863"
2021-04-16,"8,0567"
2021-04-15,"8,0053"
2021-04-14,"8,0682"
2021-04-13,"8,1146"
2021-04-12,"8,1421"
2021-04-09,"8,1534"
2021-04-08,"8,1281"
2021-04-07,"8,1310"
2021-04-06,"8,1266"
2021-04-05,"8,0981"
2021-04-02,"8,1619"
2021-04-01,"8,1036"
2021-03-31,"8,2439"
2021-03-30,"8,3312"
2021-03-29,"8,1910"
2021-03-26,"8,1350"
2021-03-25,"7,9412"
2021-03-24,"7,9187"
2021-03-23,"7,9392"
2021-03-22,"7,7963"
2021-03-19,"7,2140"
2021-03-18,"7,3193"
2021-03-17,"7,5017"
2021-03-16,"7,4907"
2021-03-15,"7,5316"
2021-03-12,"7,5586"
2021-03-11,"7,4612"
2021-03-10,"7,4974"
2021-03-09,"7,6116"
2021-03-08,"7,7698"
2021-03-05,"7,5348"
2021-03-04,"7,4989"
2021-03-03,"7,4565"
2021-03-02,"7,3472"
2021-03-01,"7,2769"
2021-02-26,"7,4226"
2021-02-25,"7,3345"
2021-02-24,"7,1648"
2021-02-23,"7,1020"
2021-02-22,"7,0144"
2021-02-19,"6,9587"
2021-02-18,"6,9583"
2021-02-17,"6,9687"
2021-02-16,"6,9863"
2021-02-15,"6,9584"
2021-02-12,"7,0319"
2021-02-11,"7,0235"
2021-02-10,"7,0528"
2021-02-09,"7,0581"
2021-02-08,"7,0671"
2021-02-05,"7,0488"
2021-02-04,"7,1333"
2021-02-03,"7,1570"
2021-02-02,"7,1917"
2021-02-01,"7,1883"
2021-01-29,"7,3099"
2021-01-28,"7,3324"
2021-01-27,"7,3918"
2021-01-26,"7,3429"
2021-01-25,"7,4040"
2021-01-22,"7,4106"
2021-01-21,"7,3636"
2021-01-20,"7,4169"
2021-01-19,"7,4691"
2021-01-18,"7,4768"
2021-01-15,"7,4733"
2021-01-14,"7,3699"
2021-01-13,"7,3934"
2021-01-12,"7,4482"
2021-01-11,"7,4733"
2021-01-08,"7,3713"
2021-01-07,"7,3149"
2021-01-06,"7,3047"
2021-01-05,"7,3856"
2021-01-04,"7,4198"
2021-01-01,"7,4371"
2020-12-31,"7,4320"
2020-12-30,"7,3774"
2020-12-29,"7,3815"
2020-12-28,"7,4416"
2020-12-25,"7,5470"
2020-12-24,"7,5747"
2020-12-23,"7,6361"
2020-12-22,"7,6570"
2020-12-21,"7,6491"
2020-12-18,"7,6239"
2020-12-17,"7,6959"
2020-12-16,"7,7949"
2020-12-15,"7,8300"
2020-12-14,"7,8483"
2020-12-11,"7,8562"
2020-12-10,"7,8864"
2020-12-09,"7,8156"
2020-12-08,"7,8055"
2020-12-07,"7,7973"
2020-12-04,"7,7981"
2020-12-03,"7,7665"
2020-12-02,"7,8502"
2020-12-01,"7,8248"
2020-11-30,"7,8284"
2020-11-27,"7,8332"
2020-11-26,"7,8691"
2020-11-25,"7,9297"
2020-11-24,"7,9982"
2020-11-23,"7,8810"
2020-11-20,"7,6323"
2020-11-19,"7,5507"
2020-11-18,"7,7040"
2020-11-17,"7,6962"
2020-11-16,"7,6976"
2020-11-13,"7,6602"
2020-11-12,"7,6869"
2020-11-11,"7,7966"
2020-11-10,"8,1446"
2020-11-09,"8,0634"
2020-11-06,"8,5200"
2020-11-05,"8,4202"
2020-11-04,"8,4251"
2020-11-03,"8,4016"
2020-11-02,"8,4190"
2020-10-30,"8,3448"
2020-10-29,"8,2881"
2020-10-28,"8,2559"
2020-10-27,"8,1854"
2020-10-26,"8,0797"
2020-10-23,"7,9610"
2020-10-22,"7,9329"
2020-10-21,"7,8081"
2020-10-20,"7,8609"
2020-10-19,"7,8797"
2020-10-16,"7,9304"
2020-10-15,"7,9310"
2020-10-14,"7,9084"
2020-10-13,"7,9146"
2020-10-12,"7,8879"
2020-10-09,"7,8566"
2020-10-08,"7,9406"
2020-10-07,"7,8808"
2020-10-06,"7,7931"
2020-10-05,"7,7599"
2020-10-02,"7,7708"
2020-10-01,"7,7500"
2020-09-30,"7,7157"
2020-09-29,"7,8139"
2020-09-28,"7,8024"
2020-09-25,"7,6607"
2020-09-24,"7,6216"
2020-09-23,"7,6967"
2020-09-22,"7,6619"
2020-09-21,"7,6299"
2020-09-18,"7,5563"
2020-09-17,"7,5464"
2020-09-16,"7,5054"
2020-09-15,"7,4854"
2020-09-14,"7,4840"
2020-09-11,"7,4724"
2020-09-10,"7,4481"
2020-09-09,"7,4848"
2020-09-08,"7,4817"
2020-09-07,"7,4542"
2020-09-04,"7,4331"
2020-09-03,"7,4335"
2020-09-02,"7,3822"
2020-09-01,"7,3652"
2020-08-31,"7,3466"
2020-08-28,"7,3329"
2020-08-27,"7,3587"
2020-08-26,"7,3662"
2020-08-25,"7,3893"
2020-08-24,"7,3768"
2020-08-21,"7,3365"
2020-08-20,"7,2938"
2020-08-19,"7,2905"
2020-08-18,"7,3696"
2020-08-17,"7,3787"
2020-08-14,"7,3664"
2020-08-13,"7,3354"
2020-08-12,"7,3282"
2020-08-11,"7,2025"
2020-08-10,"7,3329"
2020-08-07,"7,2911"
2020-08-06,"7,2362"
2020-08-05,"7,0438"
2020-08-04,"6,8968"
2020-08-03,"6,9558"
2020-07-31,"6,9702"
2020-07-30,"6,9917"
2020-07-29,"6,9828"
2020-07-28,"6,9335"
2020-07-27,"6,8595"
2020-07-24,"6,8446"
2020-07-23,"6,8389"
2020-07-22,"6,8480"
2020-07-21,"6,8214"
2020-07-20,"6,8558"
2020-07-17,"6,8553"
2020-07-16,"6,8538"
2020-07-15,"6,8529"
2020-07-14,"6,8626"
2020-07-13,"6,8562"
2020-07-10,"6,8618"
2020-07-09,"6,8587"
2020-07-08,"6,8565"
2020-07-07,"6,8555"
2020-07-06,"6,8580"
2020-07-03,"6,8596"
2020-07-02,"6,8475"
2020-07-01,"6,8439"
2020-06-30,"6,8500"
2020-06-29,"6,8524"
2020-06-26,"6,8506"
2020-06-25,"6,8526"
2020-06-24,"6,8533"
2020-06-23,"6,8472"
2020-06-22,"6,8463"
2020-06-19,"6,8498"
2020-06-18,"6,8545"
2020-06-17,"6,8418"
2020-06-16,"6,8403"
2020-06-15,"6,8333"
2020-06-12,"6,8106"
2020-06-11,"6,8394"
2020-06-10,"6,7728"
2020-06-09,"6,7933"
2020-06-08,"6,7816"
2020-06-05,"6,7680"
2020-06-04,"6,7518"
2020-06-03,"6,7420"
2020-06-02,"6,7125"
2020-06-01,"6,8102"
2020-05-29,"6,8182"
2020-05-28,"6,8098"
2020-05-27,"6,7699"
2020-05-26,"6,7245"
2020-05-25,"6,8080"
2020-05-22,"6,8107"
2020-05-21,"6,7809"
2020-05-20,"6,7872"
2020-05-19,"6,7735"
2020-05-18,"6,8831"
2020-05-15,"6,8992"
2020-05-14,"6,9180"
2020-05-13,"6,9708"
2020-05-12,"6,9966"
2020-05-11,"7,0742"
2020-05-08,"7,0820"
2020-05-07,"7,1165"
2020-05-06,"7,1961"
2020-05-05,"7,0726"
2020-05-04,"7,0420"
2020-05-01,"7,0080"
2020-04-30,"6,9829"
2020-04-29,"6,9480"
2020-04-28,"6,9840"
2020-04-27,"6,9826"
2020-04-24,"6,9722"
2020-04-23,"6,9422"
2020-04-22,"6,9772"
2020-04-21,"6,9797"
2020-04-20,"6,9362"
2020-04-17,"6,9300"
2020-04-16,"6,9377"
2020-04-15,"6,9078"
2020-04-14,"6,8148"
2020-04-13,"6,7681"
2020-04-10,"6,6961"
2020-04-09,"6,6726"
2020-04-08,"6,7697"
2020-04-07,"6,7520"
2020-04-06,"6,7785"
2020-04-03,"6,7290"
2020-04-02,"6,6146"
2020-04-01,"6,6986"
2020-03-31,"6,6110"
2020-03-30,"6,5733"
2020-03-27,"6,4530"
2020-03-26,"6,3939"
2020-03-25,"6,4125"
2020-03-24,"6,4183"
2020-03-23,"6,5580"
2020-03-20,"6,5505"
2020-03-19,"6,5391"
2020-03-18,"6,4828"
2020-03-17,"6,3936"
2020-03-16,"6,4275"
2020-03-13,"6,3301"
2020-03-12,"6,3132"
2020-03-11,"6,2056"
2020-03-10,"6,1499"
2020-03-09,"6,1422"
2020-03-06,"6,0899"
2020-03-05,"6,1077"
2020-03-04,"6,0746"
2020-03-03,"6,1031"
2020-03-02,"6,1713"
2020-02-28,"6,2387"
2020-02-27,"6,2056"
2020-02-26,"6,1550"
2020-02-25,"6,1401"
2020-02-24,"6,1154"
2020-02-21,"6,0924"
2020-02-20,"6,0964"
2020-02-19,"6,0795"
2020-02-18,"6,0602"
2020-02-17,"6,0417"
2020-02-14,"6,0490"
2020-02-13,"6,0362"
2020-02-12,"6,0390"
2020-02-11,"6,0153"
2020-02-10,"6,0088"
2020-02-07,"6,0143"
2020-02-06,"5,9858"
2020-02-05,"5,9789"
2020-02-04,"5,9776"
2020-02-03,"5,9825"
2020-01-31,"5,9812"
2020-01-30,"5,9657"
2020-01-29,"5,9535"
2020-01-28,"5,9383"
2020-01-27,"5,9430"
2020-01-24,"5,9381"
2020-01-23,"5,9305"
2020-01-22,"5,9181"
2020-01-21,"5,9350"
2020-01-20,"5,9102"
2020-01-17,"5,8898"
2020-01-16,"5,8547"
2020-01-15,"5,8748"
2020-01-14,"5,8790"
2020-01-13,"5,8607"
2020-01-10,"5,8767"
2020-01-09,"5,8689"
2020-01-08,"5,9081"
2020-01-07,"5,9705"
2020-01-06,"5,9644"
2020-01-03,"5,9713"
2020-01-02,"5,9541"
2020-01-01,"5,9456"
2019-12-31,"5,9479"
2019-12-30,"5,9441"
2019-12-27,"5,9492"
2019-12-26,"5,9286"
2019-12-25,"5,9340"
2019-12-24,"5,9458"
2019-12-23,"5,9471"
2019-12-20,"5,9356"
2019-12-19,"5,9380"
2019-12-18,"5,9219"
2019-12-17,"5,8819"
2019-12-16,"5,8454"
2019-12-13,"5,8072"
2019-12-12,"5,7889"
2019-12-11,"5,8064"
2019-12-10,"5,8027"
2019-12-09,"5,8074"
2019-12-06,"5,7756"
2019-12-05,"5,7441"
2019-12-04,"5,7474"
2019-12-03,"5,7410"
2019-12-02,"5,7382"
2019-11-29,"5,7460"
2019-11-28,"5,7505"
2019-11-27,"5,7769"
2019-11-26,"5,7556"
2019-11-25,"5,7333"
2019-11-22,"5,7122"
2019-11-21,"5,6915"
2019-11-20,"5,6921"
2019-11-19,"5,6980"
2019-11-18,"5,7328"
2019-11-15,"5,7443"
2019-11-14,"5,7446"
2019-11-13,"5,7393"
2019-11-12,"5,7766"
2019-11-11,"5,7683"
2019-11-08,"5,7658"
2019-11-07,"5,7474"
2019-11-06,"5,7460"
2019-11-05,"5,7488"
2019-11-04,"5,7377"
2019-11-01,"5,6989"
2019-10-31,"5,7065"
2019-10-30,"5,7010"
2019-10-29,"5,7333"
2019-10-28,"5,7281"
2019-10-25,"5,7738"
2019-10-24,"5,7615"
2019-10-23,"5,7317"
2019-10-22,"5,8059"
2019-10-21,"5,8544"
2019-10-18,"5,7909"
2019-10-17,"5,8289"
2019-10-16,"5,8860"
2019-10-15,"5,9068"
2019-10-14,"5,9261"
2019-10-11,"5,8833"
2019-10-10,"5,8320"
2019-10-09,"5,8679"
2019-10-08,"5,8251"
2019-10-07,"5,8318"
2019-10-04,"5,6952"
2019-10-03,"5,6896"
2019-10-02,"5,6946"
2019-10-01,"5,7221"
2019-09-30,"5,6479"
2019-09-27,"5,6698"
2019-09-26,"5,6617"
2019-09-25,"5,6681"
2019-09-24,"5,6963"
2019-09-23,"5,7149"
2019-09-20,"5,7429"
2019-09-19,"5,7148"
2019-09-18,"5,6720"
2019-09-17,"5,6962"
2019-09-16,"5,7245"
2019-09-13,"5,6851"
2019-09-12,"5,6491"
2019-09-11,"5,7456"
2019-09-10,"5,7641"
2019-09-09,"5,7479"
2019-09-06,"5,7145"
2019-09-05,"5,6846"
2019-09-04,"5,6660"
2019-09-03,"5,7283"
2019-09-02,"5,8044"
2019-08-30,"5,8296"
2019-08-29,"5,8390"
2019-08-28,"5,8101"
2019-08-27,"5,8218"
2019-08-26,"5,8201"
2019-08-23,"5,7589"
2019-08-22,"5,7678"
2019-08-21,"5,7094"
2019-08-20,"5,7265"
2019-08-19,"5,6528"
2019-08-16,"5,5775"
2019-08-15,"5,5642"
2019-08-14,"5,6105"
2019-08-13,"5,5588"
2019-08-12,"5,5593"
2019-08-09,"5,4907"
2019-08-08,"5,4691"
2019-08-07,"5,4910"
2019-08-06,"5,5182"
2019-08-05,"5,5705"
2019-08-02,"5,5587"
2019-08-01,"5,6019"
2019-07-31,"5,5854"
2019-07-30,"5,5558"
2019-07-29,"5,6098"
2019-07-26,"5,6708"
2019-07-25,"5,7017"
2019-07-24,"5,7046"
2019-07-23,"5,7168"
2019-07-22,"5,6750"
2019-07-19,"5,6531"
2019-07-18,"5,6136"
2019-07-17,"5,6806"
2019-07-16,"5,7108"
2019-07-15,"5,7116"
2019-07-12,"5,7081"
2019-07-11,"5,6704"
2019-07-10,"5,6702"
2019-07-09,"5,7287"
2019-07-08,"5,7357"
2019-07-05,"5,6278"
2019-07-04,"5,5943"
2019-07-03,"5,6171"
2019-07-02,"5,6485"
2019-07-01,"5,6431"
2019-06-28,"5,7873"
2019-06-27,"5,7698"
2019-06-26,"5,7719"
2019-06-25,"5,7939"
2019-06-24,"5,8080"
2019-06-21,"5,8204"
2019-06-20,"5,7600"
2019-06-19,"5,7833"
2019-06-18,"5,8225"
2019-06-17,"5,8687"
2019-06-14,"5,9005"
2019-06-13,"5,8619"
2019-06-12,"5,8070"
2019-06-11,"5,7946"
2019-06-10,"5,7737"
2019-06-07,"5,8300"
2019-06-06,"5,7759"
2019-06-05,"5,7300"
2019-06-04,"5,7746"
2019-06-03,"5,8293"
2019-05-31,"5,8372"
2019-05-30,"5,8746"
2019-05-29,"6,0090"
2019-05-28,"6,0271"
2019-05-27,"6,0560"
2019-05-24,"6,0815"
2019-05-23,"6,0954"
2019-05-22,"6,0910"
2019-05-21,"6,0515"
2019-05-20,"6,0189"
2019-05-17,"6,0540"
2019-05-16,"6,0415"
2019-05-15,"5,9973"
2019-05-14,"6,0249"
2019-05-13,"6,0552"
2019-05-10,"5,9757"
2019-05-09,"6,1907"
2019-05-08,"6,1835"
2019-05-07,"6,1501"
2019-05-06,"6,0769"
2019-05-03,"5,9531"
2019-05-02,"5,9635"
2019-05-01,"5,9640"
2019-04-30,"5,9617"
2019-04-29,"5,9448"
2019-04-26,"5,9372"
2019-04-25,"5,9243"
2019-04-24,"5,8705"
2019-04-23,"5,8277"
2019-04-22,"5,8262"
2019-04-19,"5,8102"
2019-04-18,"5,7945"
2019-04-17,"5,7367"
2019-04-16,"5,7662"
2019-04-15,"5,7997"
2019-04-12,"5,7683"
2019-04-11,"5,7342"
2019-04-10,"5,6808"
2019-04-09,"5,6906"
2019-04-08,"5,6893"
2019-04-05,"5,6252"
2019-04-04,"5,5881"
2019-04-03,"5,6221"
2019-04-02,"5,6040"
2019-04-01,"5,4853"
2019-03-29,"5,5405"
2019-03-28,"5,5460"
2019-03-27,"5,3268"
2019-03-26,"5,3269"
2019-03-25,"5,5493"
2019-03-22,"5,7617"
2019-03-21,"5,4612"
2019-03-20,"5,4178"
2019-03-19,"5,4754"
2019-03-18,"5,4659"
2019-03-15,"5,4457"
2019-03-14,"5,4653"
2019-03-13,"5,4544"
2019-03-12,"5,4552"
2019-03-11,"5,4445"
2019-03-08,"5,4260"
2019-03-07,"5,4702"
2019-03-06,"5,4263"
2019-03-05,"5,3842"
2019-03-04,"5,3727"
2019-03-01,"5,3732"
2019-02-28,"5,3341"
2019-02-27,"5,3109"
2019-02-26,"5,3020"
2019-02-25,"5,3005"
2019-02-22,"5,3176"
2019-02-21,"5,3177"
2019-02-20,"5,3211"
2019-02-19,"5,2803"
2019-02-18,"5,3013"
2019-02-15,"5,2704"
2019-02-14,"5,2703"
2019-02-13,"5,2798"
2019-02-12,"5,2471"
2019-02-11,"5,2742"
2019-02-08,"5,2464"
2019-02-07,"5,2633"
2019-02-06,"5,2079"
2019-02-05,"5,1925"
2019-02-04,"5,2151"
2019-02-01,"5,2074"
2019-01-31,"5,1606"
2019-01-30,"5,2242"
2019-01-29,"5,3070"
2019-01-28,"5,3269"
2019-01-25,"5,2678"
2019-01-24,"5,2623"
2019-01-23,"5,2823"
2019-01-22,"5,3359"
2019-01-21,"5,3222"
2019-01-18,"5,3273"
2019-01-17,"5,3434"
2019-01-16,"5,3320"
2019-01-15,"5,4417"
2019-01-14,"5,4336"
2019-01-11,"5,4520"
2019-01-10,"5,4133"
2019-01-09,"5,4728"
2019-01-08,"5,4801"
2019-01-07,"5,3805"
2019-01-04,"5,3301"
2019-01-03,"5,4654"
2019-01-02,"5,3916"
2019-01-01,"5,2923"
2018-12-31,"5,2877"
2018-12-28,"5,2715"
2018-12-27,"5,2806"
2018-12-26,"5,2711"
2018-12-25,"5,2910"
2018-12-24,"5,2838"
2018-12-21,"5,3171"
2018-12-20,"5,2554"
2018-12-19,"5,2832"
2018-12-18,"5,3440"
2018-12-17,"5,3676"
2018-12-14,"5,3625"
2018-12-13,"5,3342"
2018-12-12,"5,3417"
2018-12-11,"5,3643"
2018-12-10,"5,3202"
2018-12-07,"5,3019"
2018-12-06,"5,3340"
2018-12-05,"5,3252"
2018-12-04,"5,3783"
2018-12-03,"5,2413"
2018-11-30,"5,2118"
2018-11-29,"5,1520"
2018-11-28,"5,2148"
2018-11-27,"5,2673"
2018-11-26,"5,2467"
2018-11-23,"5,2865"
2018-11-22,"5,2860"
2018-11-21,"5,3041"
2018-11-20,"5,3766"
2018-11-19,"5,3015"
2018-11-16,"5,3308"
2018-11-15,"5,3471"
2018-11-14,"5,4558"
2018-11-13,"5,4766"
2018-11-12,"5,4604"
2018-11-09,"5,4596"
2018-11-08,"5,4573"
2018-11-07,"5,3537"
2018-11-06,"5,3550"
2018-11-05,"5,3124"
2018-11-02,"5,4286"
2018-11-01,"5,5075"
2018-10-31,"5,5793"
2018-10-30,"5,4673"
2018-10-29,"5,5561"
2018-10-26,"5,5919"
2018-10-25,"5,6273"
2018-10-24,"5,6987"
2018-10-23,"5,7270"
2018-10-22,"5,6644"
2018-10-19,"5,6415"
2018-10-18,"5,6405"
2018-10-17,"5,5775"
2018-10-16,"5,6808"
2018-10-15,"5,7823"
2018-10-12,"5,8711"
2018-10-11,"5,9248"
2018-10-10,"6,0714"
2018-10-09,"6,1001"
2018-10-08,"6,1059"
2018-10-05,"6,1323"
2018-10-04,"6,1568"
2018-10-03,"6,0448"
2018-10-02,"5,9836"
2018-10-01,"5,9260"
2018-09-28,"6,0550"
2018-09-27,"5,9930"
2018-09-26,"6,0920"
2018-09-25,"6,1608"
2018-09-24,"6,1476"
2018-09-21,"6,2917"
2018-09-20,"6,1810"
2018-09-19,"6,2445"
2018-09-18,"6,3682"
2018-09-17,"6,3134"
2018-09-14,"6,1693"
2018-09-13,"6,0663"
2018-09-12,"6,3270"
2018-09-11,"6,4188"
2018-09-10,"6,4506"
2018-09-07,"6,3820"
2018-09-06,"6,5627"
2018-09-05,"6,5789"
2018-09-04,"6,6701"
2018-09-03,"6,6320"
2018-08-31,"6,5180"
2018-08-30,"6,6439"
2018-08-29,"6,4485"
2018-08-28,"6,2480"
2018-08-27,"6,1207"
2018-08-24,"6,0048"
2018-08-23,"6,0870"
2018-08-22,"6,0295"
2018-08-21,"6,0508"
2018-08-20,"6,0798"
2018-08-17,"6,0120"
2018-08-16,"5,8240"
2018-08-15,"5,9655"
2018-08-14,"6,3534"
2018-08-13,"6,8590"
2018-08-10,"6,4265"
2018-08-09,"5,5413"
2018-08-08,"5,2750"
2018-08-07,"5,2428"
2018-08-06,"5,3289"
2018-08-03,"5,0805"
2018-08-02,"5,0640"
2018-08-01,"4,9910"
2018-07-31,"4,9098"
2018-07-30,"4,8800"
2018-07-27,"4,8519"
2018-07-26,"4,8639"
2018-07-25,"4,7668"
2018-07-24,"4,8831"
2018-07-23,"4,7385"
2018-07-20,"4,7917"
2018-07-19,"4,8012"
2018-07-18,"4,7928"
2018-07-17,"4,8040"
2018-07-16,"4,8453"
2018-07-13,"4,8542"
2018-07-12,"4,8542"
2018-07-11,"4,8752"
2018-07-10,"4,7009"
2018-07-09,"4,7328"
2018-07-06,"4,5674"
2018-07-05,"4,5885"
2018-07-04,"4,6657"
2018-07-03,"4,6675"
2018-07-02,"4,6118"
2018-06-29,"4,5862"
2018-06-28,"4,5825"
2018-06-27,"4,6195"
2018-06-26,"4,6125"
2018-06-25,"4,6780"
2018-06-22,"4,6763"
2018-06-21,"4,7198"
2018-06-20,"4,7317"
2018-06-19,"4,7382"
2018-06-18,"4,7032"
2018-06-15,"4,7291"
2018-06-14,"4,7249"
2018-06-13,"4,6420"
2018-06-12,"4,5943"
2018-06-11,"4,5210"
2018-06-08,"4,4730"
2018-06-07,"4,4834"
2018-06-06,"4,5544"
2018-06-05,"4,5975"
2018-06-04,"4,5911"
2018-06-01,"4,6498"
2018-05-31,"4,5235"
2018-05-30,"4,4640"
2018-05-29,"4,5478"
2018-05-28,"4,5772"
2018-05-25,"4,7061"
2018-05-24,"4,7061"
2018-05-23,"4,5742"
2018-05-22,"4,6681"
2018-05-21,"4,5739"
2018-05-18,"4,4907"
2018-05-17,"4,4596"
2018-05-16,"4,4129"
2018-05-15,"4,4420"
2018-05-14,"4,3662"
2018-05-11,"4,3126"
2018-05-10,"4,2342"
2018-05-09,"4,2866"
2018-05-08,"4,3317"
2018-05-07,"4,2659"
2018-05-04,"4,2230"
2018-05-03,"4,2121"
2018-05-02,"4,1761"
2018-05-01,"4,1000"
2018-04-30,"4,0607"
2018-04-27,"4,0412"
2018-04-26,"4,0654"
2018-04-25,"4,0769"
2018-04-24,"4,0850"
2018-04-23,"4,1067"
2018-04-20,"4,0756"
2018-04-19,"4,0393"
2018-04-18,"4,0074"
2018-04-17,"4,0966"
2018-04-16,"4,0928"
2018-04-13,"4,0959"
2018-04-12,"4,1092"
2018-04-11,"4,1330"
2018-04-10,"4,1111"
2018-04-09,"4,0727"
2018-04-06,"4,0428"
2018-04-05,"4,0503"
2018-04-04,"3,9969"
2018-04-03,"3,9877"
2018-04-02,"3,9725"
2018-03-30,"3,9542"
2018-03-29,"3,9412"
2018-03-28,"4,0076"
2018-03-27,"3,9803"
2018-03-26,"3,9647"
2018-03-23,"3,9814"
2018-03-22,"3,9324"
2018-03-21,"3,9059"
2018-03-20,"3,9329"
2018-03-19,"3,9338"
2018-03-16,"3,9186"
2018-03-15,"3,8946"
2018-03-14,"3,8786"
2018-03-13,"3,8723"
2018-03-12,"3,8415"
2018-03-09,"3,8101"
2018-03-08,"3,8226"
2018-03-07,"3,8017"
2018-03-06,"3,7932"
2018-03-05,"3,8074"
2018-03-02,"3,8061"
2018-03-01,"3,8046"
2018-02-28,"3,7978"
2018-02-27,"3,8145"
2018-02-26,"3,7845"
2018-02-23,"3,7880"
2018-02-22,"3,7820"
2018-02-21,"3,7865"
2018-02-20,"3,7968"
2018-02-19,"3,7561"
2018-02-16,"3,7464"
2018-02-15,"3,7630"
2018-02-14,"3,7800"
2018-02-13,"3,8096"
2018-02-12,"3,7972"
2018-02-09,"3,8216"
2018-02-08,"3,8206"
2018-02-07,"3,8037"
2018-02-06,"3,7680"
2018-02-05,"3,7890"
2018-02-02,"3,7705"
2018-02-01,"3,7305"
2018-01-31,"3,7543"
2018-01-30,"3,7800"
2018-01-29,"3,7924"
2018-01-26,"3,7520"
2018-01-25,"3,7515"
2018-01-24,"3,7374"
2018-01-23,"3,7650"
2018-01-22,"3,7740"
2018-01-19,"3,8050"
2018-01-18,"3,7691"
2018-01-17,"3,8161"
2018-01-16,"3,7955"
2018-01-15,"3,7997"
2018-01-12,"3,7455"
2018-01-11,"3,7731"
2018-01-10,"3,7966"
2018-01-09,"3,7658"
2018-01-08,"3,7427"
2018-01-05,"3,7340"
2018-01-04,"3,7450"
2018-01-03,"3,7802"
2018-01-02,"3,7657"
2018-01-01,"3,7850"
2017-12-29,"3,7890"
2017-12-28,"3,7739"
2017-12-27,"3,8146"
2017-12-26,"3,8090"
2017-12-25,"3,8064"
2017-12-22,"3,8130"
2017-12-21,"3,8152"
2017-12-20,"3,8193"
2017-12-19,"3,8326"
2017-12-18,"3,8276"
2017-12-15,"3,8590"
2017-12-14,"3,8859"
2017-12-13,"3,8109"
2017-12-12,"3,8450"
2017-12-11,"3,8357"
2017-12-08,"3,8360"
2017-12-07,"3,8621"
2017-12-06,"3,8496"
2017-12-05,"3,8434"
2017-12-04,"3,8725"
2017-12-01,"3,9123"
2017-11-30,"3,9170"
2017-11-29,"3,9603"
2017-11-28,"3,9635"
2017-11-27,"3,9052"
2017-11-24,"3,9427"
2017-11-23,"3,9191"
2017-11-22,"3,9174"
2017-11-21,"3,9556"
2017-11-20,"3,9275"
2017-11-17,"3,8745"
2017-11-16,"3,8619"
2017-11-15,"3,8801"
2017-11-14,"3,8848"
2017-11-13,"3,8696"
2017-11-10,"3,8608"
2017-11-09,"3,8615"
2017-11-08,"3,8655"
2017-11-07,"3,8828"
2017-11-06,"3,8270"
2017-11-03,"3,8854"
2017-11-02,"3,7965"
2017-11-01,"3,8120"
2017-10-31,"3,7910"
2017-10-30,"3,7788"
2017-10-27,"3,7875"
2017-10-26,"3,8193"
2017-10-25,"3,7658"
2017-10-24,"3,7404"
2017-10-23,"3,7153"
2017-10-20,"3,6704"
2017-10-19,"3,6423"
2017-10-18,"3,6758"
2017-10-17,"3,6643"
2017-10-16,"3,6449"
2017-10-13,"3,6339"
2017-10-12,"3,6509"
2017-10-11,"3,6474"
2017-10-10,"3,7104"
2017-10-09,"3,7001"
2017-10-06,"3,6139"
2017-10-05,"3,5826"
2017-10-04,"3,5713"
2017-10-03,"3,5708"
2017-10-02,"3,5610"
2017-09-29,"3,5627"
2017-09-28,"3,5573"
2017-09-27,"3,5764"
2017-09-26,"3,5404"
2017-09-25,"3,5484"
2017-09-22,"3,4952"
2017-09-21,"3,5013"
2017-09-20,"3,5000"
2017-09-19,"3,4875"
2017-09-18,"3,4875"
2017-09-15,"3,4366"
2017-09-14,"3,4321"
2017-09-13,"3,4569"
2017-09-12,"3,4321"
2017-09-11,"3,4050"
2017-09-08,"3,4107"
2017-09-07,"3,4019"
2017-09-06,"3,4247"
2017-09-05,"3,4350"
2017-09-04,"3,4338"
2017-09-01,"3,4274"
2017-08-31,"3,4517"
2017-08-30,"3,4488"
2017-08-29,"3,4455"
2017-08-28,"3,4431"
2017-08-25,"3,4379"
2017-08-24,"3,4832"
2017-08-23,"3,4779"
2017-08-22,"3,4934"
2017-08-21,"3,4945"
2017-08-18,"3,5175"
2017-08-17,"3,5244"
2017-08-16,"3,5131"
2017-08-15,"3,5342"
2017-08-14,"3,5246"
2017-08-11,"3,5357"
2017-08-10,"3,5406"
2017-08-09,"3,5366"
2017-08-08,"3,5326"
2017-08-07,"3,5281"
2017-08-04,"3,5269"
2017-08-03,"3,5386"
2017-08-02,"3,5285"
2017-08-01,"3,5261"
2017-07-31,"3,5183"
2017-07-28,"3,5269"
2017-07-27,"3,5353"
2017-07-26,"3,5360"
2017-07-25,"3,5714"
2017-07-24,"3,5548"
2017-07-21,"3,5353"
2017-07-20,"3,5249"
2017-07-19,"3,5210"
2017-07-18,"3,5219"
2017-07-17,"3,5274"
2017-07-14,"3,5371"
2017-07-13,"3,5648"
2017-07-12,"3,5660"
2017-07-11,"3,6127"
2017-07-10,"3,6068"
2017-07-07,"3,6172"
2017-07-06,"3,6190"
2017-07-05,"3,6052"
2017-07-04,"3,5584"
2017-07-03,"3,5561"
2017-06-30,"3,5202"
2017-06-29,"3,5245"
2017-06-28,"3,5118"
2017-06-27,"3,5248"
2017-06-26,"3,4998"
2017-06-23,"3,5076"
2017-06-22,"3,5067"
2017-06-21,"3,5300"
2017-06-20,"3,5424"
2017-06-19,"3,5218"
2017-06-16,"3,5017"
2017-06-15,"3,5120"
2017-06-14,"3,4870"
2017-06-13,"3,5178"
2017-06-12,"3,5154"
2017-06-09,"3,5363"
2017-06-08,"3,5234"
2017-06-07,"3,5493"
2017-06-06,"3,5141"
2017-06-05,"3,5227"
2017-06-02,"3,5086"
2017-06-01,"3,5236"
2017-05-31,"3,5240"
2017-05-30,"3,5474"
2017-05-29,"3,5738"
2017-05-26,"3,5767"
2017-05-25,"3,5657"
2017-05-24,"3,5594"
2017-05-23,"3,5679"
2017-05-22,"3,5580"
2017-05-19,"3,5743"
2017-05-18,"3,6241"
2017-05-17,"3,5668"
2017-05-16,"3,5382"
2017-05-15,"3,5471"
2017-05-12,"3,5721"
2017-05-11,"3,5748"
2017-05-10,"3,5864"
2017-05-09,"3,6227"
2017-05-08,"3,5841"
2017-05-05,"3,5431"
2017-05-04,"3,5518"
2017-05-03,"3,5339"
2017-05-02,"3,5260"
2017-05-01,"3,5531"
2017-04-28,"3,5506"
2017-04-27,"3,5602"
2017-04-26,"3,5773"
2017-04-25,"3,5787"
2017-04-24,"3,5708"
2017-04-21,"3,6391"
2017-04-20,"3,6403"
2017-04-19,"3,6720"
2017-04-18,"3,6597"
2017-04-17,"3,7001"
2017-04-14,"3,7309"
2017-04-13,"3,6623"
2017-04-12,"3,6482"
2017-04-11,"3,6962"
2017-04-10,"3,7284"
2017-04-07,"3,7284"
2017-04-06,"3,7101"
2017-04-05,"3,6973"
2017-04-04,"3,6768"
2017-04-03,"3,6439"
2017-03-31,"3,6342"
2017-03-30,"3,6510"
2017-03-29,"3,6444"
2017-03-28,"3,6560"
2017-03-27,"3,6156"
2017-03-24,"3,6098"
2017-03-23,"3,6338"
2017-03-22,"3,6174"
2017-03-21,"3,6319"
2017-03-20,"3,6150"
2017-03-17,"3,6324"
2017-03-16,"3,6236"
2017-03-15,"3,6744"
2017-03-14,"3,7411"
2017-03-13,"3,7408"
2017-03-10,"3,7289"
2017-03-09,"3,7737"
2017-03-08,"3,7457"
2017-03-07,"3,6785"
2017-03-06,"3,7109"
2017-03-03,"3,7019"
2017-03-02,"3,7270"
2017-03-01,"3,6533"
2017-02-28,"3,6462"
2017-02-27,"3,6055"
2017-02-24,"3,6055"
2017-02-23,"3,5681"
2017-02-22,"3,5792"
2017-02-21,"3,6193"
2017-02-20,"3,6235"
2017-02-17,"3,6280"
2017-02-16,"3,6656"
2017-02-15,"3,6591"
2017-02-14,"3,6493"
2017-02-13,"3,6707"
2017-02-10,"3,6943"
2017-02-09,"3,6821"
2017-02-08,"3,7155"
2017-02-07,"3,7441"
2017-02-06,"3,6829"
2017-02-03,"3,6966"
2017-02-02,"3,7361"
2017-02-01,"3,7695"
2017-01-31,"3,7724"
2017-01-30,"3,7803"
2017-01-27,"3,8770"
2017-01-26,"3,8415"
2017-01-25,"3,8293"
2017-01-24,"3,7823"
2017-01-23,"3,7556"
2017-01-20,"3,7640"
2017-01-19,"3,8263"
2017-01-18,"3,7956"
2017-01-17,"3,7595"
2017-01-16,"3,8027"
2017-01-13,"3,7210"
2017-01-12,"3,7587"
2017-01-11,"3,8632"
2017-01-10,"3,7865"
2017-01-09,"3,7119"
2017-01-06,"3,6425"
2017-01-05,"3,5917"
2017-01-04,"3,5703"
2017-01-03,"3,5929"
2017-01-02,"3,5435"
2016-12-30,"3,5267"
2016-12-29,"3,5220"
2016-12-28,"3,5390"
2016-12-27,"3,5204"
2016-12-26,"3,5108"
2016-12-23,"3,5159"
2016-12-22,"3,5103"
2016-12-21,"3,5079"
2016-12-20,"3,5260"
2016-12-19,"3,5321"
2016-12-16,"3,5058"
2016-12-15,"3,5109"
2016-12-14,"3,5313"
2016-12-13,"3,4884"
2016-12-12,"3,4678"
2016-12-09,"3,4859"
2016-12-08,"3,4419"
2016-12-07,"3,3878"
2016-12-06,"3,4446"
2016-12-05,"3,5216"
2016-12-02,"3,5170"
2016-12-01,"3,5027"
2016-11-30,"3,4360"
2016-11-29,"3,4078"
2016-11-28,"3,4138"
2016-11-25,"3,4457"
2016-11-24,"3,4432"
2016-11-23,"3,3916"
2016-11-22,"3,3834"
2016-11-21,"3,3606"
2016-11-18,"3,3743"
2016-11-17,"3,3696"
2016-11-16,"3,3209"
2016-11-15,"3,2896"
2016-11-14,"3,2885"
2016-11-11,"3,2512"
2016-11-10,"3,2499"
2016-11-09,"3,2084"
2016-11-08,"3,1540"
2016-11-07,"3,1671"
2016-11-04,"3,1554"
2016-11-03,"3,1091"
2016-11-02,"3,1123"
2016-11-01,"3,1106"
2016-10-31,"3,0929"
2016-10-28,"3,1054"
2016-10-27,"3,1128"
2016-10-26,"3,0798"
2016-10-25,"3,0701"
2016-10-24,"3,0740"
2016-10-21,"3,0798"
2016-10-20,"3,0586"
2016-10-19,"3,0606"
2016-10-18,"3,0938"
2016-10-17,"3,0950"
2016-10-14,"3,0890"
2016-10-13,"3,0848"
2016-10-12,"3,0843"
2016-10-11,"3,0830"
2016-10-10,"3,0708"
2016-10-07,"3,0500"
2016-10-06,"3,0382"
2016-10-05,"3,0506"
2016-10-04,"3,0563"
2016-10-03,"3,0178"
2016-09-30,"2,9975"
2016-09-29,"2,9987"
2016-09-28,"2,9788"
2016-09-27,"2,9736"
2016-09-26,"2,9800"
2016-09-23,"2,9662"
2016-09-22,"2,9420"
2016-09-21,"2,9541"
2016-09-20,"2,9773"
2016-09-19,"2,9749"
2016-09-16,"2,9799"
2016-09-15,"2,9677"
2016-09-14,"2,9784"
2016-09-13,"2,9836"
2016-09-12,"2,9665"
2016-09-09,"2,9605"
2016-09-08,"2,9502"
2016-09-07,"2,9354"
2016-09-06,"2,9214"
2016-09-05,"2,9446"
2016-09-02,"2,9499"
2016-09-01,"2,9597"
2016-08-31,"2,9570"
2016-08-30,"2,9621"
2016-08-29,"2,9497"
2016-08-26,"2,9528"
2016-08-25,"2,9334"
2016-08-24,"2,9507"
2016-08-23,"2,9485"
2016-08-22,"2,9409"
2016-08-19,"2,9283"
2016-08-18,"2,9263"
2016-08-17,"2,9212"
2016-08-16,"2,9285"
2016-08-15,"2,9397"
2016-08-12,"2,9579"
2016-08-11,"2,9563"
2016-08-10,"2,9566"
2016-08-09,"2,9660"
2016-08-08,"2,9820"
2016-08-05,"2,9977"
2016-08-04,"3,0096"
2016-08-03,"3,0118"
2016-08-02,"2,9905"
2016-08-01,"2,9894"
2016-07-29,"2,9873"
2016-07-28,"3,0116"
2016-07-27,"3,0177"
2016-07-26,"3,0443"
2016-07-25,"3,0359"
2016-07-22,"3,0625"
2016-07-21,"3,0696"
2016-07-20,"3,0889"
2016-07-19,"3,0420"
2016-07-18,"2,9767"
2016-07-15,"3,0188"
2016-07-14,"2,8762"
2016-07-13,"2,8983"
2016-07-12,"2,8860"
2016-07-11,"2,9035"
2016-07-08,"2,8886"
2016-07-07,"2,9357"
2016-07-06,"2,9361"
2016-07-05,"2,9283"
2016-07-04,"2,9056"
2016-07-01,"2,9009"
2016-06-30,"2,8763"
2016-06-29,"2,8882"
2016-06-28,"2,9033"
2016-06-27,"2,9390"
2016-06-24,"2,9265"
2016-06-23,"2,8511"
2016-06-22,"2,8906"
2016-06-21,"2,9083"
2016-06-20,"2,9032"
2016-06-17,"2,9244"
2016-06-16,"2,9280"
2016-06-15,"2,9220"
2016-06-14,"2,9340"
2016-06-13,"2,9164"
2016-06-10,"2,9264"
2016-06-09,"2,8903"
2016-06-08,"2,8916"
2016-06-07,"2,8946"
2016-06-06,"2,9012"
2016-06-03,"2,9013"
2016-06-02,"2,9462"
2016-06-01,"2,9394"
2016-05-31,"2,9480"
2016-05-30,"2,9535"
2016-05-27,"2,9550"
2016-05-26,"2,9326"
2016-05-25,"2,9358"
2016-05-24,"2,9420"
2016-05-23,"2,9937"
2016-05-20,"2,9752"
2016-05-19,"2,9840"
2016-05-18,"2,9892"
2016-05-17,"2,9627"
2016-05-16,"2,9757"
2016-05-13,"2,9687"
2016-05-12,"2,9595"
2016-05-11,"2,9517"
2016-05-10,"2,9515"
2016-05-09,"2,9429"
2016-05-06,"2,9263"
2016-05-05,"2,9225"
2016-05-04,"2,9597"
2016-05-03,"2,8476"
2016-05-02,"2,8034"
2016-04-29,"2,7945"
2016-04-28,"2,8119"
2016-04-27,"2,8179"
2016-04-26,"2,8198"
2016-04-25,"2,8430"
2016-04-22,"2,8479"
2016-04-21,"2,8317"
2016-04-20,"2,8110"
2016-04-19,"2,8302"
2016-04-18,"2,8388"
2016-04-15,"2,8530"
2016-04-14,"2,8489"
2016-04-13,"2,8457"
2016-04-12,"2,8344"
2016-04-11,"2,8316"
2016-04-08,"2,8481"
2016-04-07,"2,8608"
2016-04-06,"2,8396"
2016-04-05,"2,8314"
2016-04-04,"2,8101"
2016-04-01,"2,8211"
2016-03-31,"2,8160"
2016-03-30,"2,8349"
2016-03-29,"2,8367"
2016-03-28,"2,8678"
2016-03-25,"2,8753"
2016-03-24,"2,8714"
2016-03-23,"2,8750"
2016-03-22,"2,8647"
2016-03-21,"2,8560"
2016-03-18,"2,8666"
2016-03-17,"2,8407"
2016-03-16,"2,8674"
2016-03-15,"2,8976"
2016-03-14,"2,8694"
2016-03-11,"2,8655"
2016-03-10,"2,8905"
2016-03-09,"2,8880"
2016-03-08,"2,9134"
2016-03-07,"2,9144"
2016-03-04,"2,9055"
2016-03-03,"2,9061"
2016-03-02,"2,9243"
2016-03-01,"2,9334"
2016-02-29,"2,9644"
2016-02-26,"2,9900"
2016-02-25,"2,9270"
2016-02-24,"2,9353"
2016-02-23,"2,9427"
2016-02-22,"2,9357"
2016-02-19,"2,9509"
2016-02-18,"2,9678"
2016-02-17,"2,9551"
2016-02-16,"2,9754"
2016-02-15,"2,9451"
2016-02-12,"2,9268"
2016-02-11,"2,9290"
2016-02-10,"2,9208"
2016-02-09,"2,9397"
2016-02-08,"2,9463"
2016-02-05,"2,9205"
2016-02-04,"2,9108"
2016-02-03,"2,9154"
2016-02-02,"2,9509"
2016-02-01,"2,9446"
2016-01-29,"2,9543"
2016-01-28,"2,9683"
2016-01-27,"3,0004"
2016-01-26,"3,0078"
2016-01-25,"3,0199"
2016-01-22,"3,0010"
2016-01-21,"3,0116"
2016-01-20,"3,0412"
2016-01-19,"3,0395"
2016-01-18,"3,0345"
2016-01-15,"3,0464"
2016-01-14,"3,0210"
2016-01-13,"3,0255"
2016-01-12,"3,0317"
2016-01-11,"3,0367"
2016-01-08,"3,0204"
2016-01-07,"2,9983"
2016-01-06,"3,0014"
2016-01-05,"2,9844"
2016-01-04,"2,9632"
2016-01-01,"2,9129"
2015-12-31,"2,9167"
2015-12-30,"2,9165"
2015-12-29,"2,9053"
2015-12-28,"2,9052"
2015-12-25,"2,9205"
2015-12-24,"2,9175"
2015-12-23,"2,9159"
2015-12-22,"2,9287"
2015-12-21,"2,9130"
2015-12-18,"2,9060"
2015-12-17,"2,9262"
2015-12-16,"2,9325"
2015-12-15,"2,9630"
2015-12-14,"2,9781"
2015-12-11,"2,9790"
2015-12-10,"2,9225"
2015-12-09,"2,9156"
2015-12-08,"2,9092"
2015-12-07,"2,9125"
2015-12-04,"2,8925"
2015-12-03,"2,8836"
2015-12-02,"2,8883"
2015-12-01,"2,8897"
2015-11-30,"2,9121"
2015-11-27,"2,9230"
2015-11-26,"2,9201"
2015-11-25,"2,8874"
2015-11-24,"2,8763"
2015-11-23,"2,8493"
2015-11-20,"2,8290"
2015-11-19,"2,8402"
2015-11-18,"2,8609"
2015-11-17,"2,8681"
2015-11-16,"2,8819"
2015-11-13,"2,8627"
2015-11-12,"2,8641"
2015-11-11,"2,8738"
2015-11-10,"2,9125"
2015-11-09,"2,9197"
2015-11-06,"2,9125"
2015-11-05,"2,8598"
2015-11-04,"2,8621"
2015-11-03,"2,8275"
2015-11-02,"2,8229"
2015-10-30,"2,9141"
2015-10-29,"2,9365"
2015-10-28,"2,9237"
2015-10-27,"2,9031"
2015-10-26,"2,8885"
2015-10-23,"2,9053"
2015-10-22,"2,8714"
2015-10-21,"2,8944"
2015-10-20,"2,8985"
2015-10-19,"2,9039"
2015-10-16,"2,8907"
2015-10-15,"2,8793"
2015-10-14,"2,9127"
2015-10-13,"2,9576"
2015-10-12,"2,9249"
2015-10-09,"2,9100"
2015-10-08,"2,8925"
2015-10-07,"2,9393"
2015-10-06,"2,9568"
2015-10-05,"2,9827"
2015-10-02,"2,9896"
2015-10-01,"3,0257"
2015-09-30,"3,0247"
2015-09-29,"3,0358"
2015-09-28,"3,0569"
2015-09-25,"3,0457"
2015-09-24,"3,0393"
2015-09-23,"3,0375"
2015-09-22,"3,0250"
2015-09-21,"3,0052"
2015-09-18,"3,0041"
2015-09-17,"3,0109"
2015-09-16,"2,9974"
2015-09-15,"3,0290"
2015-09-14,"3,0568"
2015-09-11,"3,0455"
2015-09-10,"3,0202"
2015-09-09,"3,0350"
2015-09-08,"3,0101"
2015-09-07,"3,0291"
2015-09-04,"3,0064"
2015-09-03,"2,9692"
2015-09-02,"2,9404"
2015-09-01,"2,9292"
2015-08-31,"2,9121"
2015-08-28,"2,9228"
2015-08-27,"2,9089"
2015-08-26,"2,9308"
2015-08-25,"2,9392"
2015-08-24,"2,9411"
2015-08-21,"2,9177"
2015-08-20,"2,9150"
2015-08-19,"2,9245"
2015-08-18,"2,8923"
2015-08-17,"2,8673"
2015-08-14,"2,8320"
2015-08-13,"2,8190"
2015-08-12,"2,7766"
2015-08-11,"2,7787"
2015-08-10,"2,7784"
2015-08-07,"2,7792"
2015-08-06,"2,7747"
2015-08-05,"2,7858"
2015-08-04,"2,7816"
2015-08-03,"2,7802"
2015-07-31,"2,7700"
2015-07-30,"2,7814"
2015-07-29,"2,7640"
2015-07-28,"2,7590"
2015-07-27,"2,7703"
2015-07-24,"2,7367"
2015-07-23,"2,7317"
2015-07-22,"2,7047"
2015-07-21,"2,6834"
2015-07-20,"2,6973"
2015-07-17,"2,6516"
2015-07-16,"2,6555"
2015-07-15,"2,6454"
2015-07-14,"2,6307"
2015-07-13,"2,6446"
2015-07-10,"2,6657"
2015-07-09,"2,6776"
2015-07-08,"2,6873"
2015-07-07,"2,6842"
2015-07-06,"2,6771"
2015-07-03,"2,6875"
2015-07-02,"2,6833"
2015-07-01,"2,6907"
2015-06-30,"2,6809"
2015-06-29,"2,7001"
2015-06-26,"2,6639"
2015-06-25,"2,6540"
2015-06-24,"2,6766"
2015-06-23,"2,6779"
2015-06-22,"2,6646"
2015-06-19,"2,6919"
2015-06-18,"2,7113"
2015-06-17,"2,7049"
2015-06-16,"2,7318"
2015-06-15,"2,7338"
2015-06-12,"2,7116"
2015-06-11,"2,6990"
2015-06-10,"2,7327"
2015-06-09,"2,7509"
2015-06-08,"2,7483"
2015-06-05,"2,6611"
2015-06-04,"2,6667"
2015-06-03,"2,6846"
2015-06-02,"2,6733"
2015-06-01,"2,6813"
2015-05-29,"2,6620"
2015-05-28,"2,6534"
2015-05-27,"2,6411"
2015-05-26,"2,6407"
2015-05-25,"2,6145"
2015-05-22,"2,5981"
2015-05-21,"2,5879"
2015-05-20,"2,5766"
2015-05-19,"2,5925"
2015-05-18,"2,5796"
2015-05-15,"2,5749"
2015-05-14,"2,5899"
2015-05-13,"2,6297"
2015-05-12,"2,6625"
2015-05-11,"2,6928"
2015-05-08,"2,6932"
2015-05-07,"2,6842"
2015-05-06,"2,6918"
2015-05-05,"2,7035"
2015-05-04,"2,7109"
2015-05-01,"2,7069"
2015-04-30,"2,6713"
2015-04-29,"2,6595"
2015-04-28,"2,6569"
2015-04-27,"2,6734"
2015-04-24,"2,7134"
2015-04-23,"2,7005"
2015-04-22,"2,7114"
2015-04-21,"2,6849"
2015-04-20,"2,6983"
2015-04-17,"2,6772"
2015-04-16,"2,6776"
2015-04-15,"2,6979"
2015-04-14,"2,6867"
2015-04-13,"2,6695"
2015-04-10,"2,6272"
2015-04-09,"2,6189"
2015-04-08,"2,5985"
2015-04-07,"2,6013"
2015-04-06,"2,5700"
2015-04-03,"2,5707"
2015-04-02,"2,5834"
2015-04-01,"2,5980"
2015-03-31,"2,5968"
2015-03-30,"2,6068"
2015-03-27,"2,6092"
2015-03-26,"2,5947"
2015-03-25,"2,5860"
2015-03-24,"2,5509"
2015-03-23,"2,5393"
2015-03-20,"2,5720"
2015-03-19,"2,6060"
2015-03-18,"2,5692"
2015-03-17,"2,6107"
2015-03-16,"2,6251"
2015-03-13,"2,6382"
2015-03-12,"2,5830"
2015-03-11,"2,6095"
2015-03-10,"2,6375"
2015-03-09,"2,6006"
2015-03-06,"2,6231"
2015-03-05,"2,6059"
2015-03-04,"2,5625"
2015-03-03,"2,5344"
2015-03-02,"2,5159"
2015-02-27,"2,5080"
2015-02-26,"2,5030"
2015-02-25,"2,4863"
2015-02-24,"2,4610"
2015-02-23,"2,4741"
2015-02-20,"2,4514"
2015-02-19,"2,4558"
2015-02-18,"2,4398"
2015-02-17,"2,4508"
2015-02-16,"2,4554"
2015-02-13,"2,4569"
2015-02-12,"2,4654"
2015-02-11,"2,4992"
2015-02-10,"2,4937"
2015-02-09,"2,4743"
2015-02-06,"2,4712"
2015-02-05,"2,4357"
2015-02-04,"2,4648"
2015-02-03,"2,4002"
2015-02-02,"2,4279"
2015-01-30,"2,4452"
2015-01-29,"2,4149"
2015-01-28,"2,3841"
2015-01-27,"2,3612"
2015-01-26,"2,3527"
2015-01-23,"2,3456"
2015-01-22,"2,3215"
2015-01-21,"2,3491"
2015-01-20,"2,3451"
2015-01-19,"2,3368"
2015-01-16,"2,3209"
2015-01-15,"2,3086"
2015-01-14,"2,2799"
2015-01-13,"2,2846"
2015-01-12,"2,2841"
2015-01-09,"2,2940"
2015-01-08,"2,2980"
2015-01-07,"2,3177"
2015-01-06,"2,3221"
2015-01-05,"2,3306"
2015-01-02,"2,3430"
2015-01-01,"2,3299"
